time,marker_marker_hip_r_x,marker_marker_hip_r_y,marker_marker_hip_r_z,marker_marker_hip_l_x,marker_marker_hip_l_y,marker_marker_hip_l_z,marker_marker_shoulder_r_x,marker_marker_shoulder_r_y,marker_marker_shoulder_r_z,marker_marker_shoulder_l_x,marker_marker_shoulder_l_y,marker_marker_shoulder_l_z,marker_marker_knee_r_x,marker_marker_knee_r_y,marker_marker_knee_r_z,marker_marker_ankle_r_x,marker_marker_ankle_r_y,marker_marker_ankle_r_z,marker_marker_heel_r_x,marker_marker_heel_r_y,marker_marker_heel_r_z,marker_marker_toe_r_x,marker_marker_toe_r_y,marker_marker_toe_r_z,marker_marker_knee_l_x,marker_marker_knee_l_y,marker_marker_knee_l_z,marker_marker_ankle_l_x,marker_marker_ankle_l_y,marker_marker_ankle_l_z,marker_marker_heel_l_x,marker_marker_heel_l_y,marker_marker_heel_l_z,marker_marker_toe_l_x,marker_marker_toe_l_y,marker_marker_toe_l_z
0.0,0.019967327,0.94949675,0.031666666,0.019967327,0.94949675,-0.031666666,0.07346688,1.5601985,0.05277778,0.07346688,1.5601985,-0.05277778,0.15185687,0.56484807,0.02111111,0.26542795,0.11152157,0.02111111,0.1954538,0.030097041,0.015833333,0.43042934,0.09469759,0.015833333,-0.06782173,0.54327357,-0.02111111,-0.25767076,0.1129618,-0.02111111,-0.3596272,0.080538586,-0.015833333,-0.12159732,0.028303422,-0.015833333
0.01,0.032099083,0.9486934,0.031666666,0.032099083,0.9486934,-0.031666666,0.0831116,1.559608,0.05277778,0.0831116,1.559608,-0.05277778,0.16349435,0.5638313,0.02111111,0.2672674,0.10772002,0.02111111,0.1944286,0.028863613,0.015833333,0.4319893,0.08319256,0.015833333,-0.05609473,0.54243094,-0.02111111,-0.2558585,0.116226286,-0.02111111,-0.358732,0.08673077,-0.015833333,-0.12245616,0.027061261,-0.015833333
0.02,0.044242486,0.9480506,0.031666666,0.044242486,0.9480506,-0.031666666,0.09254007,1.5591857,0.05277778,0.09254007,1.5591857,-0.05277778,0.17434974,0.562685,0.02111111,0.2684607,0.10410079,0.02111111,0.19306704,0.027708422,0.015833333,0.43258363,0.0726364,0.015833333,-0.043605838,0.5416229,-0.02111111,-0.25369424,0.119966656,-0.02111111,-0.35749516,0.09375442,-0.015833333,-0.12349552,0.025703736,-0.015833333
0.03,0.05638752,0.9475844,0.031666666,0.05638752,0.9475844,-0.031666666,0.1019304,1.558931,0.05277778,0.1019304,1.558931,-0.05277778,0.18512593,0.56168866,0.02111111,0.26912996,0.1007615,0.02111111,0.19150303,0.026660658,0.015833333,0.4323979,0.063489825,0.015833333,-0.030041464,0.54082686,-0.02111111,-0.250909,0.12422195,-0.02111111,-0.3556249,0.101703286,-0.015833333,-0.12457572,0.024224252,-0.015833333
0.04,0.068527214,0.94731396,0.031666666,0.068527214,0.94731396,-0.031666666,0.111408666,1.5588529,0.05277778,0.111408666,1.5588529,-0.05277778,0.19615337,0.56098354,0.02111111,0.26914713,0.0977647,0.02111111,0.18973053,0.025582623,0.015833333,0.43144053,0.056614924,0.015833333,-0.015126646,0.5400387,-0.02111111,-0.24721958,0.12903795,-0.02111111,-0.35280672,0.110693105,-0.015833333,-0.12559542,0.022592254,-0.015833333
0.05,0.08065336,0.94724995,0.031666666,0.08065336,0.94724995,-0.031666666,0.12112425,1.5589533,0.05277778,0.12112425,1.5589533,-0.05277778,0.20737068,0.560562,0.02111111,0.26877296,0.09522894,0.02111111,0.18790124,0.024660647,0.015833333,0.43009365,0.051671334,0.015833333,0.0013980754,0.53926706,-0.02111111,-0.2422887,0.13444507,-0.02111111,-0.34865463,0.120828435,-0.015833333,-0.12645158,0.020765744,-0.015833333
0.06,0.09274049,0.947351,0.031666666,0.09274049,0.947351,-0.031666666,0.13154256,1.5591624,0.05277778,0.13154256,1.5591624,-0.05277778,0.21966848,0.56071156,0.02111111,0.26831418,0.09336412,0.02111111,0.18630606,0.024088044,0.015833333,0.42871535,0.049077347,0.015833333,0.019982848,0.5384847,-0.02111111,-0.23553407,0.14040011,-0.02111111,-0.34251273,0.13212802,-0.015833333,-0.12683138,0.01868949,-0.015833333
0.07,0.10480998,0.9476553,0.031666666,0.10480998,0.9476553,-0.031666666,0.14227873,1.5595498,0.05277778,0.14227873,1.5595498,-0.05277778,0.23175892,0.5610026,0.02111111,0.26776987,0.09204146,0.02111111,0.18482733,0.023870952,0.015833333,0.4273477,0.04775826,0.015833333,0.0403238,0.5378393,-0.02111111,-0.22683878,0.1468614,-0.02111111,-0.33416364,0.1446008,-0.015833333,-0.12698898,0.016283303,-0.015833333
0.08,0.11687782,0.94816893,0.031666666,0.11687782,0.94816893,-0.031666666,0.15304297,1.5601419,0.05277778,0.15304297,1.5601419,-0.05277778,0.24265313,0.561083,0.02111111,0.2672072,0.09102166,0.02111111,0.1834085,0.023910977,0.015833333,0.42604554,0.046582885,0.015833333,0.062027656,0.5374563,-0.02111111,-0.21605772,0.15361372,-0.02111111,-0.32332638,0.15802641,-0.015833333,-0.12716112,0.013437614,-0.015833333
0.09,0.12894288,0.94885343,0.031666666,0.12894288,0.94885343,-0.031666666,0.163856,1.560899,0.05277778,0.163856,1.560899,-0.05277778,0.25235474,0.56092715,0.02111111,0.26665837,0.090180784,0.02111111,0.1820795,0.024073504,0.015833333,0.42483526,0.04543648,0.015833333,0.08468989,0.5374085,-0.02111111,-0.20294496,0.16020605,-0.02111111,-0.30959246,0.17186432,-0.015833333,-0.12742662,0.009992942,-0.015833333
0.1,0.14099947,0.94966054,0.031666666,0.14099947,0.94966054,-0.031666666,0.17482191,1.5617676,0.05277778,0.17482191,1.5617676,-0.05277778,0.26112592,0.5606003,0.02111111,0.26620522,0.089478105,0.02111111,0.1809169,0.024313573,0.015833333,0.42378658,0.04433959,0.015833333,0.10782911,0.5377326,-0.02111111,-0.18736522,0.16606778,-0.02111111,-0.29265705,0.1853747,-0.015833333,-0.12785807,0.005853057,-0.015833333
0.11,0.1530435,0.95047516,0.031666666,0.1530435,0.95047516,-0.031666666,0.18601644,1.5626285,0.05277778,0.18601644,1.5626285,-0.05277778,0.26933005,0.5601316,0.02111111,0.26593092,0.08885664,0.02111111,0.18000048,0.024571758,0.015833333,0.4229712,0.043332465,0.015833333,0.13133551,0.53835166,-0.02111111,-0.17020383,0.17155701,-0.02111111,-0.27350467,0.19808236,-0.015833333,-0.12733531,0.0030919611,-0.015833333
0.12,0.16507897,0.95117444,0.031666666,0.16507897,0.95117444,-0.031666666,0.19736657,1.5633643,0.05277778,0.19736657,1.5633643,-0.05277778,0.27720672,0.5594878,0.02111111,0.265793,0.08822954,0.02111111,0.17930658,0.024733346,0.015833333,0.4223507,0.042517602,0.015833333,0.1553706,0.53917253,-0.02111111,-0.15320095,0.17807764,-0.02111111,-0.25455666,0.21014857,-0.015833333,-0.12326029,0.004848838,-0.015833333
0.13,0.17711276,0.9518055,0.031666666,0.17711276,0.9518055,-0.031666666,0.20874768,1.5640293,0.05277778,0.20874768,1.5640293,-0.05277778,0.28464222,0.5586872,0.02111111,0.26570404,0.087593585,0.02111111,0.17874768,0.024789486,0.015833333,0.42184073,0.041892357,0.015833333,0.1797232,0.54026985,-0.02111111,-0.13656865,0.18580717,-0.02111111,-0.23639433,0.22183648,-0.015833333,-0.11524835,0.010388181,-0.015833333
0.14,0.1891411,0.95242226,0.031666666,0.1891411,0.95242226,-0.031666666,0.22022778,1.5646741,0.05277778,0.22022778,1.5646741,-0.05277778,0.29159054,0.55778795,0.02111111,0.26570868,0.08698231,0.02111111,0.17835873,0.024780255,0.015833333,0.42148334,0.04142812,0.015833333,0.20434207,0.5417236,-0.02111111,-0.11973843,0.1943649,-0.02111111,-0.21849026,0.23316263,-0.015833333,-0.10359487,0.018253863,-0.015833333
0.15,0.20115753,0.95307237,0.031666666,0.20115753,0.95307237,-0.031666666,0.23192655,1.5653404,0.05277778,0.23192655,1.5653404,-0.05277778,0.29808238,0.55686855,0.02111111,0.26590285,0.08644417,0.02111111,0.17821464,0.02477568,0.015833333,0.42136335,0.041068025,0.015833333,0.22923669,0.5436119,-0.02111111,-0.10195395,0.20313779,-0.02111111,-0.19993083,0.24397357,-0.015833333,-0.08900334,0.0269901,-0.015833333
0.16,0.21316464,0.95378894,0.031666666,0.21316464,0.95378894,-0.031666666,0.24379565,1.5660639,0.05277778,0.24379565,1.5660639,-0.05277778,0.30408213,0.55596936,0.02111111,0.26625276,0.08599493,0.02111111,0.17827274,0.024798952,0.015833333,0.4214412,0.04079404,0.015833333,0.25419,0.5459628,-0.02111111,-0.0831413,0.21178982,-0.02111111,-0.18061735,0.25404105,-0.015833333,-0.071786016,0.035998687,-0.015833333
0.17,0.22516392,0.95460033,0.031666666,0.22516392,0.95460033,-0.031666666,0.25580886,1.5668746,0.05277778,0.25580886,1.5668746,-0.05277778,0.30958468,0.55513775,0.02111111,0.2667481,0.085659355,0.02111111,0.17850769,0.024891179,0.015833333,0.42169666,0.04057067,0.015833333,0.27897835,0.5487751,-0.02111111,-0.06313968,0.21980259,-0.02111111,-0.16033,0.2629629,-0.015833333,-0.05230439,0.0445202,-0.015833333
0.18,0.237156,0.95551836,0.031666666,0.237156,0.95551836,-0.031666666,0.26795432,1.5677849,0.05277778,0.26795432,1.5677849,-0.05277778,0.3146243,0.5544157,0.02111111,0.26739264,0.08546063,0.02111111,0.17890562,0.025096059,0.015833333,0.42212135,0.040355254,0.015833333,0.30338618,0.55200714,-0.02111111,-0.041944027,0.22674909,-0.02111111,-0.13914879,0.27016747,-0.015833333,-0.030221406,0.052173108,-0.015833333
0.19,0.24914351,0.9565546,0.031666666,0.24914351,0.9565546,-0.031666666,0.28018352,1.5688089,0.05277778,0.28018352,1.5688089,-0.05277778,0.31921425,0.55383795,0.02111111,0.2681641,0.085419774,0.02111111,0.17942739,0.025455639,0.015833333,0.4226806,0.04010553,0.015833333,0.32704905,0.5555573,-0.02111111,-0.019610822,0.23204648,-0.02111111,-0.11728069,0.274775,-0.015833333,-0.004859112,0.058561847,-0.015833333
0.2,0.2611277,0.957712,0.031666666,0.2611277,0.957712,-0.031666666,0.29247352,1.5699508,0.05277778,0.29247352,1.5699508,-0.05277778,0.32348436,0.5534542,0.02111111,0.2691047,0.08557671,0.02111111,0.18007894,0.026058767,0.015833333,0.4233895,0.03972175,0.015833333,0.34971142,0.5593054,-0.02111111,0.004013896,0.23502526,-0.02111111,-0.09451318,0.27612534,-0.015833333,0.023619656,0.06297898,-0.015833333
0.21,0.2731109,0.9589807,0.031666666,0.2731109,0.9589807,-0.031666666,0.30478162,1.5712028,0.05277778,0.30478162,1.5712028,-0.05277778,0.32760176,0.5532981,0.02111111,0.27023134,0.08596304,0.02111111,0.1808545,0.026971843,0.015833333,0.42424282,0.039172407,0.015833333,0.3711156,0.5630945,-0.02111111,0.028976738,0.23520017,-0.02111111,-0.07078502,0.2736101,-0.015833333,0.05536995,0.0651115,-0.015833333
0.22,0.28509226,0.9603121,0.031666666,0.28509226,0.9603121,-0.031666666,0.31712332,1.5725154,0.05277778,0.31712332,1.5725154,-0.05277778,0.33179522,0.55336404,0.02111111,0.27150276,0.08658451,0.02111111,0.181745,0.0281659,0.015833333,0.4252116,0.03868848,0.015833333,0.39139932,0.56683314,-0.02111111,0.055356503,0.23270693,-0.02111111,-0.04583846,0.26754835,-0.015833333,0.08982203,0.065105885,-0.015833333
0.23,0.2970718,0.9616552,0.031666666,0.2970718,0.9616552,-0.031666666,0.3294977,1.5738376,0.05277778,0.3294977,1.5738376,-0.05277778,0.3360975,0.5535999,0.02111111,0.2728349,0.08739811,0.02111111,0.18270802,0.029544793,0.015833333,0.426239,0.038454477,0.015833333,0.41069227,0.57044363,-0.02111111,0.0831075,0.22792643,-0.02111111,-0.01960449,0.2583766,-0.015833333,0.12674046,0.06351797,-0.015833333
0.24,0.30904877,0.96295893,0.031666666,0.30904877,0.96295893,-0.031666666,0.34191957,1.5751176,0.05277778,0.34191957,1.5751176,-0.05277778,0.340488,0.5539459,0.02111111,0.27422976,0.08834332,0.02111111,0.18374653,0.031045504,0.015833333,0.42732918,0.038408943,0.015833333,0.42915246,0.57387483,-0.02111111,0.1121999,0.22132388,-0.02111111,0.008018933,0.24665736,-0.015833333,0.16580734,0.060943738,-0.015833333
0.25,0.32102132,0.9641847,0.031666666,0.32102132,0.9641847,-0.031666666,0.3544222,1.5763148,0.05277778,0.3544222,1.5763148,-0.05277778,0.3449862,0.5543611,0.02111111,0.275729,0.08937621,0.02111111,0.18488927,0.03264158,0.015833333,0.42851418,0.03844076,0.015833333,0.44687134,0.5770806,-0.02111111,0.1427739,0.21315834,-0.02111111,0.037333466,0.2329184,-0.015833333,0.20640215,0.05741197,-0.015833333
0.26,0.33298782,0.9652792,0.031666666,0.33298782,0.9652792,-0.031666666,0.3670352,1.5773736,0.05277778,0.3670352,1.5773736,-0.05277778,0.34958994,0.55478674,0.02111111,0.27734983,0.09043583,0.02111111,0.18615386,0.034271307,0.015833333,0.42981136,0.038484376,0.015833333,0.4640659,0.58005524,-0.02111111,0.17470711,0.2040686,-0.02111111,0.06828415,0.21788773,-0.015833333,0.248301,0.0536298,-0.015833333
0.27,0.34494743,0.9662023,0.031666666,0.34494743,0.9662023,-0.031666666,0.37977266,1.578253,0.05277778,0.37977266,1.578253,-0.05277778,0.35428885,0.5551765,0.02111111,0.27908766,0.09147516,0.02111111,0.18753853,0.03588344,0.015833333,0.4312184,0.038504872,0.015833333,0.48080915,0.5827655,-0.02111111,0.2078098,0.19450909,-0.02111111,0.10071854,0.20189479,-0.015833333,0.2916489,0.050460547,-0.015833333
0.28,0.3568993,0.96694535,0.031666666,0.3568993,0.96694535,-0.031666666,0.39265144,1.5789425,0.05277778,0.39265144,1.5789425,-0.05277778,0.35907772,0.55551696,0.02111111,0.28094637,0.09247962,0.02111111,0.18904698,0.03746366,0.015833333,0.43273872,0.038483832,0.015833333,0.49708295,0.58517957,-0.02111111,0.24237055,0.18448207,-0.02111111,0.13501765,0.18547799,-0.015833333,0.33548746,0.046919063,-0.015833333
0.29,0.36884037,0.96747625,0.031666666,0.36884037,0.96747625,-0.031666666,0.4057251,1.5794063,0.05277778,0.4057251,1.5794063,-0.05277778,0.3640769,0.5557773,0.02111111,0.28295106,0.09342533,0.02111111,0.19070122,0.038994994,0.015833333,0.43439445,0.03840999,0.015833333,0.512861,0.5872405,-0.02111111,0.27813697,0.17435175,-0.02111111,0.17092614,0.16864733,-0.015833333,0.38041466,0.04414323,-0.015833333
0.3,0.3807684,0.96778595,0.031666666,0.3807684,0.96778595,-0.031666666,0.4190356,1.5796311,0.05277778,0.4190356,1.5796311,-0.05277778,0.36933833,0.555941,0.02111111,0.28512025,0.094299585,0.02111111,0.19252047,0.040464777,0.015833333,0.4362046,0.03828333,0.015833333,0.5282366,0.58896375,-0.02111111,0.3151969,0.16437277,-0.02111111,0.20853887,0.1520969,-0.015833333,0.42570424,0.041525953,-0.015833333
0.31,0.39268342,0.96787184,0.031666666,0.39268342,0.96787184,-0.031666666,0.43257946,1.579613,0.05277778,0.43257946,1.579613,-0.05277778,0.37486076,0.5559931,0.02111111,0.2874282,0.095092595,0.02111111,0.19448137,0.041860383,0.015833333,0.43814647,0.038111847,0.015833333,0.5430832,0.59028244,-0.02111111,0.3532869,0.1547682,-0.02111111,0.24763414,0.13570397,-0.015833333,0.47179386,0.040105104,-0.015833333
0.32,0.40458554,0.9677491,0.031666666,0.40458554,0.9677491,-0.031666666,0.4463535,1.5793653,0.05277778,0.4463535,1.5793653,-0.05277778,0.38064805,0.5559369,0.02111111,0.28986067,0.09581268,0.02111111,0.19656806,0.043193318,0.015833333,0.4402045,0.037900217,0.015833333,0.55720234,0.5911145,-0.02111111,0.3925081,0.14555156,-0.02111111,0.28832603,0.11964384,-0.015833333,0.51846284,0.039495297,-0.015833333
0.33,0.4164754,0.9674278,0.031666666,0.4164754,0.9674278,-0.031666666,0.4603451,1.5788968,0.05277778,0.4603451,1.5788968,-0.05277778,0.38669932,0.55577093,0.02111111,0.2923969,0.096464396,0.02111111,0.19875816,0.04447161,0.015833333,0.44235656,0.03764895,0.015833333,0.5704247,0.591384,-0.02111111,0.43273944,0.13690811,-0.02111111,0.33053648,0.10406198,-0.015833333,0.5656667,0.04002679,-0.015833333
0.34,0.42835373,0.96691257,0.031666666,0.42835373,0.96691257,-0.031666666,0.47453898,1.578211,0.05277778,0.47453898,1.578211,-0.05277778,0.39301983,0.55548847,0.02111111,0.29501978,0.097048104,0.02111111,0.20103356,0.045698155,0.015833333,0.44458476,0.0373584,0.015833333,0.58277935,0.59109783,-0.02111111,0.473755,0.12919909,-0.02111111,0.3740159,0.08949927,-0.015833333,0.6129833,0.041736163,-0.015833333
0.35000000000000003,0.440225,0.96620953,0.031666666,0.440225,0.96620953,-0.031666666,0.48885363,1.5773184,0.05277778,0.48885363,1.5773184,-0.05277778,0.39955112,0.55508494,0.02111111,0.2976694,0.097566605,0.02111111,0.20333453,0.046876315,0.015833333,0.44682944,0.03703022,0.015833333,0.5942703,0.59025824,-0.02111111,0.5152419,0.12273529,-0.02111111,0.4183976,0.0764155,-0.015833333,0.6600097,0.044629905,-0.015833333
0.36,0.45209295,0.9653318,0.031666666,0.45209295,0.9653318,-0.031666666,0.50322163,1.5762366,0.05277778,0.50322163,1.5762366,-0.05277778,0.4062723,0.55456465,0.02111111,0.30029708,0.0980348,0.02111111,0.2056095,0.048027195,0.015833333,0.44903862,0.036669683,0.015833333,0.6047748,0.58882767,-0.02111111,0.55703604,0.11770129,-0.02111111,0.4634887,0.06503018,-0.015833333,0.7066399,0.048775196,-0.015833333
0.37,0.46396518,0.96427983,0.031666666,0.46396518,0.96427983,-0.031666666,0.5175051,1.5749781,0.05277778,0.5175051,1.5749781,-0.05277778,0.41312978,0.5539204,0.02111111,0.30281174,0.09846142,0.02111111,0.20776562,0.04916477,0.015833333,0.4511188,0.036282245,0.015833333,0.61437416,0.5868486,-0.02111111,0.5982549,0.11438435,-0.02111111,0.5085408,0.055416282,-0.015833333,0.75223476,0.05546798,-0.015833333
0.38,0.47585163,0.96307445,0.031666666,0.47585163,0.96307445,-0.031666666,0.5315295,1.5735815,0.05277778,0.5315295,1.5735815,-0.05277778,0.42007816,0.5531659,0.02111111,0.30512333,0.0988791,0.02111111,0.20970522,0.05033717,0.015833333,0.45296925,0.035868257,0.015833333,0.6231723,0.5843965,-0.02111111,0.6380272,0.11285877,-0.02111111,0.55254644,0.04790362,-0.015833333,0.79568696,0.06431699,-0.015833333
0.39,0.4877569,0.9617362,0.031666666,0.4877569,0.9617362,-0.031666666,0.5452136,1.5720783,0.05277778,0.5452136,1.5720783,-0.05277778,0.4271727,0.55231106,0.02111111,0.30721426,0.09932116,0.02111111,0.21140124,0.051599223,0.015833333,0.4545577,0.03542327,0.015833333,0.63153726,0.5816566,-0.02111111,0.67543226,0.11301535,-0.02111111,0.59441376,0.04257268,-0.015833333,0.83595186,0.07491561,-0.015833333
0.4,0.49968573,0.960301,0.031666666,0.49968573,0.960301,-0.031666666,0.5584766,1.5705161,0.05277778,0.5584766,1.5705161,-0.05277778,0.43447205,0.5513785,0.02111111,0.3090784,0.099835545,0.02111111,0.21283507,0.053026564,0.015833333,0.45585662,0.034936316,0.015833333,0.63977337,0.57879245,-0.02111111,0.7097013,0.11445272,-0.02111111,0.6331291,0.03920157,-0.015833333,0.8722148,0.08636926,-0.015833333
0.41000000000000003,0.51164216,0.9588089,0.031666666,0.51164216,0.9588089,-0.031666666,0.5712498,1.5689447,0.05277778,0.5712498,1.5689447,-0.05277778,0.44202474,0.55039394,0.02111111,0.31071687,0.10047495,0.02111111,0.21399683,0.054699566,0.015833333,0.45684367,0.034398515,0.015833333,0.6481602,0.5759506,-0.02111111,0.7401767,0.11656651,-0.02111111,0.6678938,0.037190612,-0.015833333,0.90385514,0.09809204,-0.015833333
0.42,0.523627,0.9573054,0.031666666,0.523627,0.9573054,-0.031666666,0.583518,1.5674134,0.05277778,0.583518,1.5674134,-0.05277778,0.4498977,0.54938674,0.02111111,0.31216913,0.1012938,0.02111111,0.2149166,0.056699913,0.015833333,0.45753223,0.03380039,0.015833333,0.6569646,0.573269,-0.02111111,0.766571,0.1187219,-0.02111111,0.6981007,0.03604258,-0.015833333,0.9307045,0.10872148,-0.015833333
0.43,0.5356384,0.955831,0.031666666,0.5356384,0.955831,-0.031666666,0.5953157,1.56596,0.05277778,0.5953157,1.56596,-0.05277778,0.45817214,0.54837906,0.02111111,0.3135004,0.102339804,0.02111111,0.21565354,0.059099842,0.015833333,0.45796025,0.033134893,0.015833333,0.6664306,0.5708662,-0.02111111,0.7887739,0.12033424,-0.02111111,0.72337747,0.03521417,-0.015833333,0.9528705,0.117187805,-0.015833333
0.44,0.5476722,0.95442265,0.031666666,0.5476722,0.95442265,-0.031666666,0.6067168,1.5646132,0.05277778,0.6067168,1.5646132,-0.05277778,0.46694466,0.5473865,0.02111111,0.31479827,0.10365561,0.02111111,0.21629235,0.06196513,0.015833333,0.45818573,0.03239613,0.015833333,0.6767568,0.56883824,-0.02111111,0.8069389,0.12099898,-0.02111111,0.7434731,0.03443777,-0.015833333,0.9708833,0.1220238,-0.015833333
0.45,0.55972326,0.95310384,0.031666666,0.55972326,0.95310384,-0.031666666,0.6178118,1.5633862,0.05277778,0.6178118,1.5633862,-0.05277778,0.47630024,0.5464123,0.02111111,0.31615108,0.10527176,0.02111111,0.21692276,0.06534585,0.015833333,0.45826584,0.03157845,0.015833333,0.6881003,0.5672556,-0.02111111,0.82125103,0.120480984,-0.02111111,0.7583644,0.033496965,-0.015833333,0.9852102,0.12253468,-0.015833333
0.46,0.57178617,0.9518869,0.031666666,0.57178617,0.9518869,-0.031666666,0.62869376,1.5622805,0.05277778,0.62869376,1.5622805,-0.05277778,0.48631278,0.54545,0.02111111,0.317643,0.10721117,0.02111111,0.21763375,0.06928265,0.015833333,0.4582501,0.030675791,0.015833333,0.70051867,0.56614876,-0.02111111,0.8319899,0.11876625,-0.02111111,0.76824576,0.032396723,-0.015833333,0.9962485,0.11842855,-0.015833333
0.47000000000000003,0.58385676,0.95077395,0.031666666,0.58385676,0.95077395,-0.031666666,0.63943815,1.5612898,0.05277778,0.63943815,1.5612898,-0.05277778,0.4970404,0.5444862,0.02111111,0.31934354,0.109493256,0.02111111,0.21850267,0.07381347,0.015833333,0.4581676,0.029683605,0.015833333,0.71391475,0.56549114,-0.02111111,0.8394811,0.11603671,-0.02111111,0.7735443,0.031313233,-0.015833333,1.0041977,0.109962516,-0.015833333
0.48,0.5959442,0.9497757,0.031666666,0.5959442,0.9497757,-0.031666666,0.64987826,1.5604392,0.05277778,0.64987826,1.5604392,-0.05277778,0.50831854,0.54354507,0.02111111,0.32117122,0.11215955,0.02111111,0.21945713,0.07900001,0.015833333,0.4578806,0.028591864,0.015833333,0.727422,0.5649832,-0.02111111,0.844022,0.11259559,-0.02111111,0.77507955,0.030293386,-0.015833333,1.0090042,0.09860135,-0.015833333
0.49,0.6080601,0.94891477,0.031666666,0.6080601,0.94891477,-0.031666666,0.65980893,1.5597672,0.05277778,0.65980893,1.5597672,-0.05277778,0.5199852,0.5426641,0.02111111,0.32303524,0.11526528,0.02111111,0.22041646,0.08492722,0.015833333,0.45722094,0.02739156,0.015833333,0.7397842,0.5641823,-0.02111111,0.84650326,0.108873636,-0.02111111,0.77457076,0.029182363,-0.015833333,1.0113354,0.0868817,-0.015833333
0.5,0.62019634,0.94821185,0.031666666,0.62019634,0.94821185,-0.031666666,0.66936904,1.5592773,0.05277778,0.66936904,1.5592773,-0.05277778,0.5322447,0.54183614,0.02111111,0.32511383,0.118845105,0.02111111,0.22157386,0.09166948,0.015833333,0.45627493,0.02607885,0.015833333,0.75101644,0.56311584,-0.02111111,0.8479614,0.10521698,-0.02111111,0.7733627,0.028037872,-0.015833333,1.0122875,0.076013416,-0.015833333
0.51,0.6323394,0.94768196,0.031666666,0.6323394,0.94768196,-0.031666666,0.6787969,1.5589597,0.05277778,0.6787969,1.5589597,-0.05277778,0.54545015,0.5410317,0.02111111,0.3277,0.12293112,0.02111111,0.22324324,0.09930991,0.015833333,0.45521843,0.02464918,0.015833333,0.76188016,0.5620866,-0.02111111,0.8488187,0.1017952,-0.02111111,0.77187896,0.02697232,-0.015833333,1.0123607,0.066409044,-0.015833333
0.52,0.644485,0.9473525,0.031666666,0.644485,0.9473525,-0.031666666,0.68817145,1.5588346,0.05277778,0.68817145,1.5588346,-0.05277778,0.5598387,0.5402542,0.02111111,0.33103487,0.12757528,0.02111111,0.2256934,0.107966766,0.015833333,0.4541245,0.023078859,0.015833333,0.772655,0.5612271,-0.02111111,0.8490089,0.09866756,-0.02111111,0.77013254,0.025896188,-0.015833333,1.0116084,0.058701333,-0.015833333
0.53,0.6566229,0.94723475,0.031666666,0.6566229,0.94723475,-0.031666666,0.69767606,1.5588993,0.05277778,0.69767606,1.5588993,-0.05277778,0.57571745,0.5394987,0.02111111,0.33545983,0.13281214,0.02111111,0.22930878,0.11774785,0.015833333,0.45311978,0.021335356,0.015833333,0.78347325,0.56060266,-0.02111111,0.84870553,0.09594029,-0.02111111,0.76825094,0.024905864,-0.015833333,1.0103301,0.052913617,-0.015833333
0.54,0.6687198,0.94727653,0.031666666,0.6687198,0.94727653,-0.031666666,0.7079181,1.5590627,0.05277778,0.7079181,1.5590627,-0.05277778,0.593676,0.53870195,0.02111111,0.3416221,0.1386027,0.02111111,0.23480281,0.1286789,0.015833333,0.45260733,0.019372381,0.015833333,0.795572,0.5606165,-0.02111111,0.84829354,0.093871236,-0.02111111,0.7666033,0.024230227,-0.015833333,1.0089698,0.049631193,-0.015833333
0.55,0.6807907,0.94750917,0.031666666,0.6807907,0.94750917,-0.031666666,0.7186295,1.559381,0.05277778,0.7186295,1.559381,-0.05277778,0.61353564,0.5379902,0.02111111,0.3497035,0.14493504,0.02111111,0.24244717,0.14080852,0.015833333,0.45241815,0.01711981,0.015833333,0.8079665,0.5609423,-0.02111111,0.84778035,0.09241858,-0.02111111,0.7651128,0.023917127,-0.015833333,1.0076016,0.04812325,-0.015833333
0.56,0.6928583,0.9479589,0.031666666,0.6928583,0.9479589,-0.031666666,0.7293986,1.5599096,0.05277778,0.7293986,1.5599096,-0.05277778,0.63487977,0.537512,0.02111111,0.3597893,0.15167207,0.02111111,0.25245225,0.15401743,0.015833333,0.45224908,0.0144898,0.015833333,0.81929374,0.5611106,-0.02111111,0.84723055,0.091331005,-0.02111111,0.7636809,0.023907393,-0.015833333,1.0062841,0.04693733,-0.015833333
0.5700000000000001,0.70492494,0.9485959,0.031666666,0.70492494,0.9485959,-0.031666666,0.74018353,1.5606217,0.05277778,0.74018353,1.5606217,-0.05277778,0.65735185,0.5373509,0.02111111,0.37214887,0.15842766,0.02111111,0.26524454,0.16786598,0.015833333,0.45200127,0.011313587,0.015833333,0.8293486,0.5610246,-0.02111111,0.8466717,0.09044397,-0.02111111,0.7623162,0.02404549,-0.015833333,1.0050395,0.04577457,-0.015833333
0.58,0.7169856,0.9493768,0.031666666,0.7169856,0.9493768,-0.031666666,0.7510758,1.5614688,0.05277778,0.7510758,1.5614688,-0.05277778,0.6804284,0.5375644,0.02111111,0.38700956,0.16458338,0.02111111,0.28122458,0.18158595,0.015833333,0.45162487,0.007372126,0.015833333,0.83834064,0.56073505,-0.02111111,0.8461632,0.08969593,-0.02111111,0.7610821,0.02425282,-0.015833333,1.0039194,0.04466873,-0.015833333
0.59,0.7290338,0.9502298,0.031666666,0.7290338,0.9502298,-0.031666666,0.762193,1.5623729,0.05277778,0.762193,1.5623729,-0.05277778,0.70374703,0.53813255,0.02111111,0.4041791,0.16979831,0.02111111,0.30031803,0.1944994,0.015833333,0.45125505,0.0031757504,0.015833333,0.8466163,0.56031334,-0.02111111,0.845821,0.08906448,-0.02111111,0.7600773,0.024520203,-0.015833333,1.0030217,0.04361885,-0.015833333
0.6,0.7410713,0.9509565,0.031666666,0.7410713,0.9509565,-0.031666666,0.7735084,1.5631385,0.05277778,0.7735084,1.5631385,-0.05277778,0.72765,0.53888,0.02111111,0.42131668,0.1759358,0.02111111,0.31948665,0.20669988,0.015833333,0.45415705,0.0035974234,0.015833333,0.85458267,0.5597105,-0.02111111,0.84563935,0.08842859,-0.02111111,0.7593213,0.02469096,-0.015833333,1.0023439,0.042767234,-0.015833333
0.61,0.753105,0.9515992,0.031666666,0.753105,0.9515992,-0.031666666,0.78488946,1.5638154,0.05277778,0.78488946,1.5638154,-0.05277778,0.75193536,0.5398822,0.02111111,0.43806547,0.18329611,0.02111111,0.33791012,0.21843873,0.015833333,0.46106726,0.00815548,0.015833333,0.86216635,0.55895066,-0.02111111,0.84554046,0.08778933,-0.02111111,0.7587288,0.024770427,-0.015833333,1.0018064,0.042092122,-0.015833333
0.62,0.765137,0.9522105,0.031666666,0.765137,0.9522105,-0.031666666,0.7963028,1.5644584,0.05277778,0.7963028,1.5644584,-0.05277778,0.7764492,0.54121196,0.02111111,0.4546328,0.19174358,0.02111111,0.3556354,0.2298788,0.015833333,0.47184598,0.015678331,0.015833333,0.8692517,0.55806404,-0.02111111,0.84548575,0.08715561,-0.02111111,0.75826347,0.024758644,-0.015833333,1.001375,0.04159739,-0.015833333
0.63,0.77715594,0.9528421,0.031666666,0.77715594,0.9528421,-0.031666666,0.80795467,1.5651085,0.05277778,0.80795467,1.5651085,-0.05277778,0.8012862,0.5429596,0.02111111,0.4720523,0.20054829,0.02111111,0.3738412,0.24079122,0.015833333,0.4859685,0.024425343,0.015833333,0.87590253,0.55714583,-0.02111111,0.8456351,0.08659172,-0.02111111,0.75805867,0.024748363,-0.015833333,1.001196,0.04120806,-0.015833333
0.64,0.7891646,0.95353234,0.031666666,0.7891646,0.95353234,-0.031666666,0.8197966,1.5658071,0.05277778,0.8197966,1.5658071,-0.05277778,0.82626873,0.5451691,0.02111111,0.4905388,0.20931399,0.02111111,0.392878,0.25110185,0.015833333,0.50258726,0.033499926,0.015833333,0.88207453,0.55623776,-0.02111111,0.84595555,0.08611384,-0.02111111,0.7580732,0.024761874,-0.015833333,1.0012317,0.040907882,-0.015833333
0.65,0.80116534,0.9543111,0.031666666,0.80116534,0.9543111,-0.031666666,0.83178276,1.5665866,0.05277778,0.83178276,1.5665866,-0.05277778,0.85114247,0.54784465,0.02111111,0.5101687,0.21759373,0.02111111,0.41284272,0.260418,0.015833333,0.52147883,0.042278305,0.015833333,0.88773817,0.5553807,-0.02111111,0.8464164,0.08574015,-0.02111111,0.75826573,0.024827726,-0.015833333,1.001444,0.040672608,-0.015833333
0.66,0.813159,0.9551965,0.031666666,0.813159,0.9551965,-0.031666666,0.8438996,1.5674659,0.05277778,0.8438996,1.5674659,-0.05277778,0.8756876,0.5509568,0.02111111,0.53102005,0.22489586,0.02111111,0.4337835,0.26819637,0.015833333,0.542732,0.050212532,0.015833333,0.8929136,0.5546199,-0.02111111,0.84701854,0.08549523,-0.02111111,0.7586199,0.024990045,-0.015833333,1.0018222,0.0404604,-0.015833333
0.67,0.82514733,0.95620066,0.031666666,0.82514733,0.95620066,-0.031666666,0.856114,1.5684587,0.05277778,0.856114,1.5684587,-0.05277778,0.89959574,0.55442464,0.02111111,0.553086,0.23065868,0.02111111,0.45558155,0.27366176,0.015833333,0.5668305,0.056842968,0.015833333,0.8976241,0.55399454,-0.02111111,0.8477525,0.08540282,-0.02111111,0.75910795,0.025294911,-0.015833333,1.002344,0.040225606,-0.015833333
0.68,0.8371326,0.95732975,0.031666666,0.8371326,0.95732975,-0.031666666,0.86838424,1.5695733,0.05277778,0.86838424,1.5695733,-0.05277778,0.9225105,0.55811596,0.02111111,0.57636285,0.23424202,0.02111111,0.4781369,0.275935,0.015833333,0.5942733,0.06169437,0.015833333,0.90194637,0.55354744,-0.02111111,0.84862536,0.085495025,-0.02111111,0.7597093,0.025811143,-0.015833333,1.0029958,0.03989537,-0.015833333
0.6900000000000001,0.8491151,0.9585663,0.031666666,0.8491151,0.9585663,-0.031666666,0.88070565,1.5707924,0.05277778,0.88070565,1.5707924,-0.05277778,0.9443167,0.5619074,0.02111111,0.60094094,0.23527345,0.02111111,0.50160664,0.27464274,0.015833333,0.62493706,0.06446111,0.015833333,0.9060924,0.55331874,-0.02111111,0.84969956,0.085807145,-0.02111111,0.7604529,0.026622254,-0.015833333,1.0038118,0.039394513,-0.015833333
0.7000000000000001,0.861096,0.959882,0.031666666,0.861096,0.959882,-0.031666666,0.8930533,1.5720892,0.05277778,0.8930533,1.5720892,-0.05277778,0.964937,0.5656704,0.02111111,0.6269102,0.23355359,0.02111111,0.52620566,0.26965553,0.015833333,0.6584992,0.06499688,0.015833333,0.91025174,0.55331814,-0.02111111,0.850944,0.08635542,-0.02111111,0.7613196,0.027736068,-0.015833333,1.0047598,0.038854055,-0.015833333
0.71,0.8730755,0.9612192,0.031666666,0.8730755,0.9612192,-0.031666666,0.9054311,1.5734054,0.05277778,0.9054311,1.5734054,-0.05277778,0.9845685,0.56933475,0.02111111,0.65421903,0.22952059,0.02111111,0.5520159,0.2615104,0.015833333,0.69461125,0.06389135,0.015833333,0.9145166,0.55349886,-0.02111111,0.8522691,0.087105125,-0.02111111,0.7622697,0.029055737,-0.015833333,1.0057796,0.038523808,-0.015833333
0.72,0.8850535,0.96253526,0.031666666,0.8850535,0.96253526,-0.031666666,0.9178331,1.5746989,0.05277778,0.9178331,1.5746989,-0.05277778,1.0032501,0.5728147,0.02111111,0.682824,0.22347775,0.02111111,0.57909477,0.2504966,0.015833333,0.7331835,0.061702028,0.015833333,0.91885436,0.5538074,-0.02111111,0.853633,0.088005215,-0.02111111,0.7632755,0.030510616,-0.015833333,1.006841,0.038422763,-0.015833333
0.73,0.8970279,0.9637819,0.031666666,0.8970279,0.9637819,-0.031666666,0.9303017,1.5759189,0.05277778,0.9303017,1.5759189,-0.05277778,1.0211843,0.5760857,0.02111111,0.7128327,0.21583739,0.02111111,0.6077474,0.23733534,0.015833333,0.7734547,0.05865185,0.015833333,0.9232915,0.5541949,-0.02111111,0.8550851,0.08900362,-0.02111111,0.76437396,0.03206508,-0.015833333,1.0079846,0.038433846,-0.015833333
0.74,0.9089966,0.96491367,0.031666666,0.9089966,0.96491367,-0.031666666,0.9428751,1.5770175,0.05277778,0.9428751,1.5770175,-0.05277778,1.0385257,0.5791254,0.02111111,0.74425936,0.2070466,0.02111111,0.63809144,0.22265413,0.015833333,0.8150255,0.055080056,0.015833333,0.9278537,0.55461365,-0.02111111,0.8566594,0.090051025,-0.02111111,0.7655928,0.03367888,-0.015833333,1.0092396,0.038474396,-0.015833333
0.75,0.9209595,0.9658975,0.031666666,0.9209595,0.9658975,-0.031666666,0.9555522,1.5779613,0.05277778,0.9555522,1.5779613,-0.05277778,1.0552757,0.58187675,0.02111111,0.7770146,0.19744247,0.02111111,0.67007786,0.206739,0.015833333,0.85795623,0.051534474,0.015833333,0.93249345,0.55502003,-0.02111111,0.8583425,0.09110126,-0.02111111,0.7669209,0.03530179,-0.015833333,1.0105939,0.038499527,-0.015833333
0.76,0.93291354,0.9667001,0.031666666,0.93291354,0.9667001,-0.031666666,0.9683914,1.5787132,0.05277778,0.9683914,1.5787132,-0.05277778,1.0715659,0.5843371,0.02111111,0.8111166,0.18740115,0.02111111,0.703796,0.19017494,0.015833333,0.90182835,0.04815407,0.015833333,0.93730164,0.5553836,-0.02111111,0.8601697,0.092126936,-0.02111111,0.7683913,0.036911145,-0.015833333,1.0120802,0.0384871,-0.015833333
0.77,0.944857,0.96730393,0.031666666,0.944857,0.96730393,-0.031666666,0.9814229,1.5792531,0.05277778,0.9814229,1.5792531,-0.05277778,1.0874208,0.58648396,0.02111111,0.8466111,0.17715538,0.02111111,0.7393141,0.17342289,0.015833333,0.94626975,0.04475239,0.015833333,0.94231564,0.5556809,-0.02111111,0.86215043,0.093106866,-0.02111111,0.77001435,0.038485873,-0.015833333,1.0137082,0.03842656,-0.015833333
0.78,0.9567894,0.9676917,0.031666666,0.9567894,0.9676917,-0.031666666,0.99465346,1.579562,0.05277778,0.99465346,1.579562,-0.05277778,1.1028687,0.58829814,0.02111111,0.8833317,0.1670526,0.02111111,0.7764555,0.15684357,0.015833333,0.99122715,0.04169204,0.015833333,0.9475178,0.55588436,-0.02111111,0.8642682,0.09401497,-0.02111111,0.77177846,0.03999211,-0.015833333,1.0154667,0.03831706,-0.015833333
0.79,0.96871,0.96785605,0.031666666,0.96871,0.96785605,-0.031666666,1.0080965,1.5796301,0.05277778,1.0080965,1.5796301,-0.05277778,1.1178317,0.58972883,0.02111111,0.9210901,0.15730986,0.02111111,0.81505716,0.14047375,0.015833333,1.0369086,0.039634034,0.015833333,0.9529337,0.5559783,-0.02111111,0.86651367,0.09484032,-0.02111111,0.77367544,0.04141842,-0.015833333,1.0173476,0.038162094,-0.015833333
0.8,0.98061824,0.9677951,0.031666666,0.98061824,0.9677951,-0.031666666,1.0217611,1.5794536,0.05277778,1.0217611,1.5794536,-0.05277778,1.1322333,0.5907301,0.02111111,0.95971155,0.14811441,0.02111111,0.8550146,0.12436465,0.015833333,1.0833455,0.039207444,0.015833333,0.9585914,0.55595136,-0.02111111,0.8688763,0.095577925,-0.02111111,0.7756949,0.042760648,-0.015833333,1.0193417,0.037967935,-0.015833333
0.81,0.99251324,0.9675275,0.031666666,0.99251324,0.9675275,-0.031666666,1.0356616,1.5790478,0.05277778,1.0356616,1.5790478,-0.05277778,1.1459488,0.5912565,0.02111111,0.99935627,0.1395109,0.02111111,0.89643985,0.10896725,0.015833333,1.1300088,0.03945277,0.015833333,0.964525,0.555812,-0.02111111,0.8713622,0.09624168,-0.02111111,0.77783865,0.0440399,-0.015833333,1.021451,0.037735082,-0.015833333
0.8200000000000001,1.0043967,0.9670677,0.031666666,1.0043967,0.9670677,-0.031666666,1.0497669,1.5784272,0.05277778,1.0497669,1.5784272,-0.05277778,1.1587135,0.5911976,0.02111111,1.0398694,0.13161293,0.02111111,0.93927395,0.09413783,0.015833333,1.1771369,0.04114744,0.015833333,0.9707201,0.55556226,-0.02111111,0.87393796,0.09684062,-0.02111111,0.78007036,0.045270827,-0.015833333,1.0236391,0.037460983,-0.015833333
0.8300000000000001,1.016269,0.96642965,0.031666666,1.016269,0.96642965,-0.031666666,1.0640646,1.5776043,0.05277778,1.0640646,1.5776043,-0.05277778,1.1704403,0.59052336,0.02111111,1.081332,0.124652416,0.02111111,0.9835168,0.08042406,0.015833333,1.2244236,0.04367359,0.015833333,0.9771913,0.55520487,-0.02111111,0.8765915,0.09738544,-0.02111111,0.7823753,0.04647026,-0.015833333,1.0258908,0.03714729,-0.015833333
0.84,1.0281366,0.96561587,0.031666666,1.0281366,0.96561587,-0.031666666,1.0784407,1.5765891,0.05277778,1.0784407,1.5765891,-0.05277778,1.1811388,0.58923864,0.02111111,1.1232957,0.11903149,0.02111111,1.0286684,0.068330124,0.015833333,1.2714508,0.047271192,0.015833333,0.98385257,0.5547327,-0.02111111,0.87924075,0.097877204,-0.02111111,0.7846723,0.04763803,-0.015833333,1.028125,0.036797184,-0.015833333
0.85,1.0400047,0.9646256,0.031666666,1.0400047,0.9646256,-0.031666666,1.0927995,1.5753887,0.05277778,1.0927995,1.5753887,-0.05277778,1.1909071,0.587392,0.02111111,1.1650959,0.11510125,0.02111111,1.0741092,0.058116306,0.015833333,1.3177453,0.05281146,0.015833333,0.99067736,0.5541366,-0.02111111,0.88181835,0.09832099,-0.02111111,0.7868934,0.048782744,-0.015833333,1.0302734,0.036419474,-0.015833333
0.86,1.0518814,0.9634616,0.031666666,1.0518814,0.9634616,-0.031666666,1.1069974,1.5740196,0.05277778,1.1069974,1.5740196,-0.05277778,1.199971,0.58509094,0.02111111,1.2056729,0.113056004,0.02111111,1.1187724,0.05001156,0.015833333,1.3622262,0.060825385,0.015833333,0.9976483,0.55341,-0.02111111,0.88424325,0.0987311,-0.02111111,0.7889523,0.049930457,-0.015833333,1.0322486,0.036015105,-0.015833333
0.87,1.063777,0.96215355,0.031666666,1.063777,0.96215355,-0.031666666,1.1208577,1.572531,0.05277778,1.1208577,1.572531,-0.05277778,1.2084949,0.58244264,0.02111111,1.2440234,0.112769336,0.02111111,1.1615677,0.04401332,0.015833333,1.4037466,0.07114496,0.015833333,1.0047272,0.5525754,-0.02111111,0.88643426,0.09915078,-0.02111111,0.79075825,0.051144272,-0.015833333,1.0339547,0.035581473,-0.015833333
0.88,1.0756974,0.9607368,0.031666666,1.0756974,0.9607368,-0.031666666,1.1342695,1.5709729,0.05277778,1.1342695,1.5709729,-0.05277778,1.2167081,0.57958305,0.02111111,1.2793185,0.113875836,0.02111111,1.2015222,0.03989127,0.015833333,1.4413376,0.08319636,0.015833333,1.0119454,0.5516578,-0.02111111,0.8883629,0.099629134,-0.02111111,0.7922706,0.052500013,-0.015833333,1.0353432,0.03510925,-0.015833333
0.89,1.0876449,0.959255,0.031666666,1.0876449,0.959255,-0.031666666,1.1471996,1.569396,0.05277778,1.1471996,1.569396,-0.05277778,1.2249662,0.5766989,0.02111111,1.3110687,0.11587733,0.02111111,1.2376978,0.03750608,0.015833333,1.4744767,0.095147215,0.015833333,1.0193989,0.5506848,-0.02111111,0.8900613,0.10022038,-0.02111111,0.79350865,0.05408235,-0.015833333,1.0364215,0.034588203,-0.015833333
0.9,1.0996214,0.9577502,0.031666666,1.0996214,0.9577502,-0.031666666,1.1596172,1.567848,0.05277778,1.1596172,1.567848,-0.05277778,1.2335744,0.5739416,0.02111111,1.338797,0.118124306,0.02111111,1.2694039,0.036216456,0.015833333,1.5028428,0.10616669,0.015833333,1.0271503,0.549683,-0.02111111,0.8915568,0.10097724,-0.02111111,0.79448974,0.05597097,-0.015833333,1.037192,0.034009144,-0.015833333
0.91,1.1116252,0.9562644,0.031666666,1.1116252,0.9562644,-0.031666666,1.1715493,1.5663693,0.05277778,1.1715493,1.5663693,-0.05277778,1.242811,0.5714447,0.02111111,1.3623226,0.119992584,0.02111111,1.2961923,0.035437554,0.015833333,1.5264726,0.1151731,0.015833333,1.0352786,0.5486765,-0.02111111,0.8929118,0.1019482,-0.02111111,0.79526985,0.058239173,-0.015833333,1.0376909,0.033364072,-0.015833333
0.92,1.1236526,0.954834,0.031666666,1.1236526,0.954834,-0.031666666,1.1830642,1.5649889,0.05277778,1.1830642,1.5649889,-0.05277778,1.252916,0.56931806,0.02111111,1.3816775,0.1209864,0.02111111,1.3178091,0.034719087,0.015833333,1.5456868,0.12108119,0.015833333,1.0438838,0.5476804,-0.02111111,0.89420974,0.103176236,-0.02111111,0.7959285,0.060953353,-0.015833333,1.0379729,0.032647856,-0.015833333
0.93,1.1356983,0.9534863,0.031666666,1.1356983,0.9534863,-0.031666666,1.1942556,1.5637238,0.05277778,1.1942556,1.5637238,-0.05277778,1.2640709,0.5676428,0.02111111,1.397062,0.120813936,0.02111111,1.3341755,0.033830687,0.015833333,1.561002,0.12291758,0.015833333,1.0530635,0.5466999,-0.02111111,0.8955443,0.10469484,-0.02111111,0.79655933,0.064167924,-0.015833333,1.0381013,0.031854257,-0.015833333
0.9400000000000001,1.1477562,0.95223695,0.031666666,1.1477562,0.95223695,-0.031666666,1.2052261,1.5625778,0.05277778,1.2052261,1.5625778,-0.05277778,1.2763693,0.56646407,0.02111111,1.4087713,0.11941281,0.02111111,1.3454257,0.032755077,0.015833333,1.5729116,0.12014429,0.015833333,1.0629036,0.5457302,-0.02111111,0.897007,0.10652876,-0.02111111,0.79725784,0.067925975,-0.015833333,1.0381345,0.030977935,-0.015833333
0.9500000000000001,1.1598217,0.95108944,0.031666666,1.1598217,0.95108944,-0.031666666,1.2160614,1.5615449,0.05277778,1.2160614,1.5615449,-0.05277778,1.2897689,0.5657757,0.02111111,1.4171268,0.11692473,0.02111111,1.3519219,0.031641543,0.015833333,1.5816865,0.112850875,0.015833333,1.0734707,0.5447576,-0.02111111,0.8986741,0.108697236,-0.02111111,0.798107,0.07226495,-0.015833333,1.0381103,0.030013427,-0.015833333
0.96,1.1719041,0.95005894,0.031666666,1.1719041,0.95005894,-0.031666666,1.2265948,1.5606551,0.05277778,1.2265948,1.5606551,-0.05277778,1.3033651,0.5652705,0.02111111,1.4224494,0.11365494,0.02111111,1.3543829,0.030626852,0.015833333,1.5873725,0.102059126,0.015833333,1.0846095,0.54380816,-0.02111111,0.900466,0.11124691,-0.02111111,0.7990347,0.07725419,-0.015833333,1.0378932,0.028949328,-0.015833333
0.97,1.1840991,0.9486934,0.031666666,1.1840991,0.9486934,-0.031666666,1.2351116,1.559608,0.05277778,1.2351116,1.559608,-0.05277778,1.3154944,0.5638313,0.02111111,1.4192674,0.10772002,0.02111111,1.3464286,0.028863613,0.015833333,1.5839894,0.08319256,0.015833333,1.0959053,0.54243094,-0.02111111,0.8961415,0.116226286,-0.02111111,0.79326797,0.08673077,-0.015833333,1.0295439,0.027061261,-0.015833333
0.98,1.1962425,0.9480506,0.031666666,1.1962425,0.9480506,-0.031666666,1.2445401,1.5591857,0.05277778,1.2445401,1.5591857,-0.05277778,1.3263497,0.562685,0.02111111,1.4204607,0.10410079,0.02111111,1.345067,0.027708422,0.015833333,1.5845836,0.0726364,0.015833333,1.1083941,0.5416229,-0.02111111,0.8983058,0.119966656,-0.02111111,0.7945048,0.09375442,-0.015833333,1.0285045,0.025703736,-0.015833333
0.99,1.2083875,0.9475844,0.031666666,1.2083875,0.9475844,-0.031666666,1.2539303,1.558931,0.05277778,1.2539303,1.558931,-0.05277778,1.3371259,0.56168866,0.02111111,1.42113,0.1007615,0.02111111,1.343503,0.026660658,0.015833333,1.5843978,0.063489825,0.015833333,1.1219585,0.54082686,-0.02111111,0.901091,0.12422195,-0.02111111,0.79637504,0.101703286,-0.015833333,1.0274242,0.024224252,-0.015833333
1.0,1.2205273,0.94731396,0.031666666,1.2205273,0.94731396,-0.031666666,1.2634087,1.5588529,0.05277778,1.2634087,1.5588529,-0.05277778,1.3481534,0.56098354,0.02111111,1.4211471,0.0977647,0.02111111,1.3417306,0.025582623,0.015833333,1.5834405,0.056614924,0.015833333,1.1368734,0.5400387,-0.02111111,0.90478045,0.12903795,-0.02111111,0.79919326,0.110693105,-0.015833333,1.0264046,0.022592254,-0.015833333
1.01,1.2326534,0.94724995,0.031666666,1.2326534,0.94724995,-0.031666666,1.2731242,1.5589533,0.05277778,1.2731242,1.5589533,-0.05277778,1.3593707,0.560562,0.02111111,1.420773,0.09522894,0.02111111,1.3399013,0.024660647,0.015833333,1.5820937,0.051671334,0.015833333,1.153398,0.53926706,-0.02111111,0.90971136,0.13444507,-0.02111111,0.80334544,0.120828435,-0.015833333,1.0255485,0.020765744,-0.015833333
1.02,1.2447405,0.947351,0.031666666,1.2447405,0.947351,-0.031666666,1.2835425,1.5591624,0.05277778,1.2835425,1.5591624,-0.05277778,1.3716685,0.56071156,0.02111111,1.4203141,0.09336412,0.02111111,1.338306,0.024088044,0.015833333,1.5807153,0.049077347,0.015833333,1.1719829,0.5384847,-0.02111111,0.91646594,0.14040011,-0.02111111,0.80948734,0.13212802,-0.015833333,1.0251687,0.01868949,-0.015833333
1.03,1.25681,0.9476553,0.031666666,1.25681,0.9476553,-0.031666666,1.2942786,1.5595498,0.05277778,1.2942786,1.5595498,-0.05277778,1.3837589,0.5610026,0.02111111,1.4197699,0.09204146,0.02111111,1.3368273,0.023870952,0.015833333,1.5793476,0.04775826,0.015833333,1.1923237,0.5378393,-0.02111111,0.9251611,0.1468614,-0.02111111,0.8178363,0.1446008,-0.015833333,1.025011,0.016283303,-0.015833333
1.04,1.2688779,0.94816893,0.031666666,1.2688779,0.94816893,-0.031666666,1.305043,1.5601419,0.05277778,1.305043,1.5601419,-0.05277778,1.3946532,0.561083,0.02111111,1.4192072,0.09102166,0.02111111,1.3354086,0.023910977,0.015833333,1.5780456,0.046582885,0.015833333,1.2140276,0.5374563,-0.02111111,0.9359423,0.15361372,-0.02111111,0.8286736,0.15802641,-0.015833333,1.0248389,0.013437614,-0.015833333
1.05,1.2809429,0.94885343,0.031666666,1.2809429,0.94885343,-0.031666666,1.315856,1.560899,0.05277778,1.315856,1.560899,-0.05277778,1.4043547,0.56092715,0.02111111,1.4186584,0.090180784,0.02111111,1.3340795,0.024073504,0.015833333,1.5768352,0.04543648,0.015833333,1.2366899,0.5374085,-0.02111111,0.9490551,0.16020605,-0.02111111,0.8424076,0.17186432,-0.015833333,1.0245734,0.009992942,-0.015833333
1.06,1.2929994,0.94966054,0.031666666,1.2929994,0.94966054,-0.031666666,1.3268218,1.5617676,0.05277778,1.3268218,1.5617676,-0.05277778,1.4131259,0.5606003,0.02111111,1.4182051,0.089478105,0.02111111,1.332917,0.024313573,0.015833333,1.5757866,0.04433959,0.015833333,1.259829,0.5377326,-0.02111111,0.9646348,0.16606778,-0.02111111,0.85934293,0.1853747,-0.015833333,1.0241419,0.005853057,-0.015833333
1.07,1.3050436,0.95047516,0.031666666,1.3050436,0.95047516,-0.031666666,1.3380165,1.5626285,0.05277778,1.3380165,1.5626285,-0.05277778,1.4213301,0.5601316,0.02111111,1.417931,0.08885664,0.02111111,1.3320005,0.024571758,0.015833333,1.5749712,0.043332465,0.015833333,1.2833356,0.53835166,-0.02111111,0.98179626,0.17155701,-0.02111111,0.87849545,0.19808236,-0.015833333,1.0246648,0.0030919611,-0.015833333
1.08,1.317079,0.95117444,0.031666666,1.317079,0.95117444,-0.031666666,1.3493665,1.5633643,0.05277778,1.3493665,1.5633643,-0.05277778,1.4292067,0.5594878,0.02111111,1.417793,0.08822954,0.02111111,1.3313066,0.024733346,0.015833333,1.5743507,0.042517602,0.015833333,1.3073705,0.53917253,-0.02111111,0.9987991,0.17807764,-0.02111111,0.89744335,0.21014857,-0.015833333,1.0287397,0.004848838,-0.015833333
1.0899999999999999,1.3291128,0.9518055,0.031666666,1.3291128,0.9518055,-0.031666666,1.3607477,1.5640293,0.05277778,1.3607477,1.5640293,-0.05277778,1.4366422,0.5586872,0.02111111,1.417704,0.087593585,0.02111111,1.3307477,0.024789486,0.015833333,1.5738407,0.041892357,0.015833333,1.3317232,0.54026985,-0.02111111,1.0154314,0.18580717,-0.02111111,0.91560566,0.22183648,-0.015833333,1.0367516,0.010388181,-0.015833333
1.1,1.3411411,0.95242226,0.031666666,1.3411411,0.95242226,-0.031666666,1.3722278,1.5646741,0.05277778,1.3722278,1.5646741,-0.05277778,1.4435906,0.55778795,0.02111111,1.4177088,0.08698231,0.02111111,1.3303587,0.024780255,0.015833333,1.5734835,0.04142812,0.015833333,1.3563421,0.5417236,-0.02111111,1.0322616,0.1943649,-0.02111111,0.9335098,0.23316263,-0.015833333,1.0484052,0.018253863,-0.015833333
1.1099999999999999,1.3531575,0.95307237,0.031666666,1.3531575,0.95307237,-0.031666666,1.3839265,1.5653404,0.05277778,1.3839265,1.5653404,-0.05277778,1.4500824,0.55686855,0.02111111,1.4179028,0.08644417,0.02111111,1.3302146,0.02477568,0.015833333,1.5733633,0.041068025,0.015833333,1.3812367,0.5436119,-0.02111111,1.0500461,0.20313779,-0.02111111,0.95206916,0.24397357,-0.015833333,1.0629966,0.0269901,-0.015833333
1.1199999999999999,1.3651646,0.95378894,0.031666666,1.3651646,0.95378894,-0.031666666,1.3957956,1.5660639,0.05277778,1.3957956,1.5660639,-0.05277778,1.4560821,0.55596936,0.02111111,1.4182527,0.08599493,0.02111111,1.3302727,0.024798952,0.015833333,1.5734411,0.04079404,0.015833333,1.40619,0.5459628,-0.02111111,1.0688586,0.21178982,-0.02111111,0.9713826,0.25404105,-0.015833333,1.080214,0.035998687,-0.015833333
1.13,1.3771639,0.95460033,0.031666666,1.3771639,0.95460033,-0.031666666,1.4078088,1.5668746,0.05277778,1.4078088,1.5668746,-0.05277778,1.4615846,0.55513775,0.02111111,1.418748,0.085659355,0.02111111,1.3305076,0.024891179,0.015833333,1.5736966,0.04057067,0.015833333,1.4309783,0.5487751,-0.02111111,1.0888603,0.21980259,-0.02111111,0.99167,0.2629629,-0.015833333,1.0996957,0.0445202,-0.015833333
1.14,1.389156,0.95551836,0.031666666,1.389156,0.95551836,-0.031666666,1.4199543,1.5677849,0.05277778,1.4199543,1.5677849,-0.05277778,1.4666243,0.5544157,0.02111111,1.4193927,0.08546063,0.02111111,1.3309057,0.025096059,0.015833333,1.5741214,0.040355254,0.015833333,1.4553862,0.55200714,-0.02111111,1.1100559,0.22674909,-0.02111111,1.0128512,0.27016747,-0.015833333,1.1217786,0.052173108,-0.015833333
1.15,1.4011436,0.9565546,0.031666666,1.4011436,0.9565546,-0.031666666,1.4321835,1.5688089,0.05277778,1.4321835,1.5688089,-0.05277778,1.4712143,0.55383795,0.02111111,1.4201641,0.085419774,0.02111111,1.3314275,0.025455639,0.015833333,1.5746807,0.04010553,0.015833333,1.4790491,0.5555573,-0.02111111,1.1323892,0.23204648,-0.02111111,1.0347193,0.274775,-0.015833333,1.1471409,0.058561847,-0.015833333
1.16,1.4131277,0.957712,0.031666666,1.4131277,0.957712,-0.031666666,1.4444735,1.5699508,0.05277778,1.4444735,1.5699508,-0.05277778,1.4754844,0.5534542,0.02111111,1.4211047,0.08557671,0.02111111,1.3320788,0.026058767,0.015833333,1.5753894,0.03972175,0.015833333,1.5017114,0.5593054,-0.02111111,1.1560138,0.23502526,-0.02111111,1.0574868,0.27612534,-0.015833333,1.1756196,0.06297898,-0.015833333
1.17,1.4251109,0.9589807,0.031666666,1.4251109,0.9589807,-0.031666666,1.4567816,1.5712028,0.05277778,1.4567816,1.5712028,-0.05277778,1.4796019,0.5532981,0.02111111,1.4222313,0.08596304,0.02111111,1.3328545,0.026971843,0.015833333,1.5762429,0.039172407,0.015833333,1.5231156,0.5630945,-0.02111111,1.1809767,0.23520017,-0.02111111,1.081215,0.2736101,-0.015833333,1.20737,0.0651115,-0.015833333
1.18,1.4370923,0.9603121,0.031666666,1.4370923,0.9603121,-0.031666666,1.4691234,1.5725154,0.05277778,1.4691234,1.5725154,-0.05277778,1.4837953,0.55336404,0.02111111,1.4235028,0.08658451,0.02111111,1.333745,0.0281659,0.015833333,1.5772116,0.03868848,0.015833333,1.5433993,0.56683314,-0.02111111,1.2073566,0.23270693,-0.02111111,1.1061616,0.26754835,-0.015833333,1.2418221,0.065105885,-0.015833333
1.19,1.4490718,0.9616552,0.031666666,1.4490718,0.9616552,-0.031666666,1.4814976,1.5738376,0.05277778,1.4814976,1.5738376,-0.05277778,1.4880974,0.5535999,0.02111111,1.4248348,0.08739811,0.02111111,1.334708,0.029544793,0.015833333,1.578239,0.038454477,0.015833333,1.5626923,0.57044363,-0.02111111,1.2351074,0.22792643,-0.02111111,1.1323955,0.2583766,-0.015833333,1.2787404,0.06351797,-0.015833333
1.2,1.4610488,0.96295893,0.031666666,1.4610488,0.96295893,-0.031666666,1.4939196,1.5751176,0.05277778,1.4939196,1.5751176,-0.05277778,1.492488,0.5539459,0.02111111,1.4262298,0.08834332,0.02111111,1.3357466,0.031045504,0.015833333,1.5793293,0.038408943,0.015833333,1.5811526,0.57387483,-0.02111111,1.2642,0.22132388,-0.02111111,1.1600189,0.24665736,-0.015833333,1.3178073,0.060943738,-0.015833333
1.21,1.4730214,0.9641847,0.031666666,1.4730214,0.9641847,-0.031666666,1.5064222,1.5763148,0.05277778,1.5064222,1.5763148,-0.05277778,1.4969862,0.5543611,0.02111111,1.427729,0.08937621,0.02111111,1.3368893,0.03264158,0.015833333,1.5805142,0.03844076,0.015833333,1.5988714,0.5770806,-0.02111111,1.2947739,0.21315834,-0.02111111,1.1893336,0.2329184,-0.015833333,1.3584023,0.05741197,-0.015833333
1.22,1.4849877,0.9652792,0.031666666,1.4849877,0.9652792,-0.031666666,1.5190352,1.5773736,0.05277778,1.5190352,1.5773736,-0.05277778,1.5015899,0.55478674,0.02111111,1.4293499,0.09043583,0.02111111,1.3381538,0.034271307,0.015833333,1.5818113,0.038484376,0.015833333,1.6160659,0.58005524,-0.02111111,1.3267071,0.2040686,-0.02111111,1.2202842,0.21788773,-0.015833333,1.400301,0.0536298,-0.015833333
1.23,1.4969474,0.9662023,0.031666666,1.4969474,0.9662023,-0.031666666,1.5317726,1.578253,0.05277778,1.5317726,1.578253,-0.05277778,1.5062888,0.5551765,0.02111111,1.4310876,0.09147516,0.02111111,1.3395386,0.03588344,0.015833333,1.5832183,0.038504872,0.015833333,1.6328092,0.5827655,-0.02111111,1.3598098,0.19450909,-0.02111111,1.2527186,0.20189479,-0.015833333,1.4436488,0.050460547,-0.015833333
1.24,1.5088993,0.96694535,0.031666666,1.5088993,0.96694535,-0.031666666,1.5446515,1.5789425,0.05277778,1.5446515,1.5789425,-0.05277778,1.5110778,0.55551696,0.02111111,1.4329464,0.09247962,0.02111111,1.341047,0.03746366,0.015833333,1.5847389,0.038483832,0.015833333,1.649083,0.58517957,-0.02111111,1.3943706,0.18448207,-0.02111111,1.2870176,0.18547799,-0.015833333,1.4874874,0.046919063,-0.015833333
1.25,1.5208404,0.96747625,0.031666666,1.5208404,0.96747625,-0.031666666,1.5577251,1.5794063,0.05277778,1.5577251,1.5794063,-0.05277778,1.5160769,0.5557773,0.02111111,1.4349511,0.09342533,0.02111111,1.3427013,0.038994994,0.015833333,1.5863945,0.03840999,0.015833333,1.6648611,0.5872405,-0.02111111,1.430137,0.17435175,-0.02111111,1.3229263,0.16864733,-0.015833333,1.5324148,0.04414323,-0.015833333
1.26,1.5327684,0.96778595,0.031666666,1.5327684,0.96778595,-0.031666666,1.5710356,1.5796311,0.05277778,1.5710356,1.5796311,-0.05277778,1.5213383,0.555941,0.02111111,1.4371202,0.094299585,0.02111111,1.3445204,0.040464777,0.015833333,1.5882046,0.03828333,0.015833333,1.6802366,0.58896375,-0.02111111,1.4671968,0.16437277,-0.02111111,1.3605387,0.1520969,-0.015833333,1.5777041,0.041525953,-0.015833333
1.27,1.5446835,0.96787184,0.031666666,1.5446835,0.96787184,-0.031666666,1.5845795,1.579613,0.05277778,1.5845795,1.579613,-0.05277778,1.5268608,0.5559931,0.02111111,1.4394282,0.095092595,0.02111111,1.3464813,0.041860383,0.015833333,1.5901464,0.038111847,0.015833333,1.6950831,0.59028244,-0.02111111,1.5052869,0.1547682,-0.02111111,1.3996342,0.13570397,-0.015833333,1.623794,0.040105104,-0.015833333
1.28,1.5565856,0.9677491,0.031666666,1.5565856,0.9677491,-0.031666666,1.5983535,1.5793653,0.05277778,1.5983535,1.5793653,-0.05277778,1.5326481,0.5559369,0.02111111,1.4418607,0.09581268,0.02111111,1.3485681,0.043193318,0.015833333,1.5922045,0.037900217,0.015833333,1.7092024,0.5911145,-0.02111111,1.5445081,0.14555156,-0.02111111,1.4403261,0.11964384,-0.015833333,1.6704628,0.039495297,-0.015833333
1.29,1.5684754,0.9674278,0.031666666,1.5684754,0.9674278,-0.031666666,1.6123451,1.5788968,0.05277778,1.6123451,1.5788968,-0.05277778,1.5386993,0.55577093,0.02111111,1.4443969,0.096464396,0.02111111,1.3507581,0.04447161,0.015833333,1.5943565,0.03764895,0.015833333,1.7224246,0.591384,-0.02111111,1.5847393,0.13690811,-0.02111111,1.4825364,0.10406198,-0.015833333,1.7176666,0.04002679,-0.015833333
1.3,1.5803537,0.96691257,0.031666666,1.5803537,0.96691257,-0.031666666,1.626539,1.578211,0.05277778,1.626539,1.578211,-0.05277778,1.5450197,0.55548847,0.02111111,1.4470197,0.097048104,0.02111111,1.3530334,0.045698155,0.015833333,1.5965846,0.0373584,0.015833333,1.7347794,0.59109783,-0.02111111,1.625755,0.12919909,-0.02111111,1.5260158,0.08949927,-0.015833333,1.7649832,0.041736163,-0.015833333
1.31,1.5922251,0.96620953,0.031666666,1.5922251,0.96620953,-0.031666666,1.6408536,1.5773184,0.05277778,1.6408536,1.5773184,-0.05277778,1.5515512,0.55508494,0.02111111,1.4496694,0.097566605,0.02111111,1.3553345,0.046876315,0.015833333,1.5988294,0.03703022,0.015833333,1.7462703,0.59025824,-0.02111111,1.6672419,0.12273529,-0.02111111,1.5703976,0.0764155,-0.015833333,1.8120097,0.044629905,-0.015833333
1.3199999999999998,1.604093,0.9653318,0.031666666,1.604093,0.9653318,-0.031666666,1.6552216,1.5762366,0.05277778,1.6552216,1.5762366,-0.05277778,1.5582722,0.55456465,0.02111111,1.452297,0.0980348,0.02111111,1.3576095,0.048027195,0.015833333,1.6010386,0.036669683,0.015833333,1.7567748,0.58882767,-0.02111111,1.709036,0.11770129,-0.02111111,1.6154886,0.06503018,-0.015833333,1.8586398,0.048775196,-0.015833333
1.33,1.6159651,0.96427983,0.031666666,1.6159651,0.96427983,-0.031666666,1.669505,1.5749781,0.05277778,1.669505,1.5749781,-0.05277778,1.5651298,0.5539204,0.02111111,1.4548117,0.09846142,0.02111111,1.3597655,0.04916477,0.015833333,1.6031188,0.036282245,0.015833333,1.7663741,0.5868486,-0.02111111,1.7502549,0.11438435,-0.02111111,1.6605408,0.055416282,-0.015833333,1.9042348,0.05546798,-0.015833333
1.3399999999999999,1.6278516,0.96307445,0.031666666,1.6278516,0.96307445,-0.031666666,1.6835295,1.5735815,0.05277778,1.6835295,1.5735815,-0.05277778,1.5720782,0.5531659,0.02111111,1.4571233,0.0988791,0.02111111,1.3617053,0.05033717,0.015833333,1.6049693,0.035868257,0.015833333,1.7751724,0.5843965,-0.02111111,1.7900271,0.11285877,-0.02111111,1.7045465,0.04790362,-0.015833333,1.947687,0.06431699,-0.015833333
1.35,1.6397569,0.9617362,0.031666666,1.6397569,0.9617362,-0.031666666,1.6972135,1.5720783,0.05277778,1.6972135,1.5720783,-0.05277778,1.5791727,0.55231106,0.02111111,1.4592143,0.09932116,0.02111111,1.3634013,0.051599223,0.015833333,1.6065577,0.03542327,0.015833333,1.7835373,0.5816566,-0.02111111,1.8274323,0.11301535,-0.02111111,1.7464138,0.04257268,-0.015833333,1.987952,0.07491561,-0.015833333
1.3599999999999999,1.6516857,0.960301,0.031666666,1.6516857,0.960301,-0.031666666,1.7104766,1.5705161,0.05277778,1.7104766,1.5705161,-0.05277778,1.586472,0.5513785,0.02111111,1.4610784,0.099835545,0.02111111,1.364835,0.053026564,0.015833333,1.6078565,0.034936316,0.015833333,1.7917733,0.57879245,-0.02111111,1.8617014,0.11445272,-0.02111111,1.7851293,0.03920157,-0.015833333,2.024215,0.08636926,-0.015833333
1.37,1.6636422,0.9588089,0.031666666,1.6636422,0.9588089,-0.031666666,1.7232498,1.5689447,0.05277778,1.7232498,1.5689447,-0.05277778,1.5940248,0.55039394,0.02111111,1.4627169,0.10047495,0.02111111,1.3659968,0.054699566,0.015833333,1.6088438,0.034398515,0.015833333,1.8001603,0.5759506,-0.02111111,1.8921767,0.11656651,-0.02111111,1.8198938,0.037190612,-0.015833333,2.0558553,0.09809204,-0.015833333
1.38,1.675627,0.9573054,0.031666666,1.675627,0.9573054,-0.031666666,1.735518,1.5674134,0.05277778,1.735518,1.5674134,-0.05277778,1.6018977,0.54938674,0.02111111,1.4641691,0.1012938,0.02111111,1.3669167,0.056699913,0.015833333,1.6095322,0.03380039,0.015833333,1.8089646,0.573269,-0.02111111,1.918571,0.1187219,-0.02111111,1.8501006,0.03604258,-0.015833333,2.0827045,0.10872148,-0.015833333
1.39,1.6876384,0.955831,0.031666666,1.6876384,0.955831,-0.031666666,1.7473156,1.56596,0.05277778,1.7473156,1.56596,-0.05277778,1.6101722,0.54837906,0.02111111,1.4655005,0.102339804,0.02111111,1.3676536,0.059099842,0.015833333,1.6099603,0.033134893,0.015833333,1.8184307,0.5708662,-0.02111111,1.940774,0.12033424,-0.02111111,1.8753775,0.03521417,-0.015833333,2.1048706,0.117187805,-0.015833333
1.4,1.6996721,0.95442265,0.031666666,1.6996721,0.95442265,-0.031666666,1.7587168,1.5646132,0.05277778,1.7587168,1.5646132,-0.05277778,1.6189446,0.5473865,0.02111111,1.4667983,0.10365561,0.02111111,1.3682923,0.06196513,0.015833333,1.6101857,0.03239613,0.015833333,1.8287568,0.56883824,-0.02111111,1.9589388,0.12099898,-0.02111111,1.895473,0.03443777,-0.015833333,2.1228833,0.1220238,-0.015833333
1.41,1.7117232,0.95310384,0.031666666,1.7117232,0.95310384,-0.031666666,1.7698117,1.5633862,0.05277778,1.7698117,1.5633862,-0.05277778,1.6283003,0.5464123,0.02111111,1.4681511,0.10527176,0.02111111,1.3689227,0.06534585,0.015833333,1.6102659,0.03157845,0.015833333,1.8401003,0.5672556,-0.02111111,1.9732511,0.120480984,-0.02111111,1.9103644,0.033496965,-0.015833333,2.1372101,0.12253468,-0.015833333
1.42,1.7237861,0.9518869,0.031666666,1.7237861,0.9518869,-0.031666666,1.7806938,1.5622805,0.05277778,1.7806938,1.5622805,-0.05277778,1.6383128,0.54545,0.02111111,1.469643,0.10721117,0.02111111,1.3696338,0.06928265,0.015833333,1.6102501,0.030675791,0.015833333,1.8525187,0.56614876,-0.02111111,1.98399,0.11876625,-0.02111111,1.9202458,0.032396723,-0.015833333,2.1482484,0.11842855,-0.015833333
1.43,1.7358567,0.95077395,0.031666666,1.7358567,0.95077395,-0.031666666,1.7914381,1.5612898,0.05277778,1.7914381,1.5612898,-0.05277778,1.6490403,0.5444862,0.02111111,1.4713434,0.109493256,0.02111111,1.3705026,0.07381347,0.015833333,1.6101675,0.029683605,0.015833333,1.8659147,0.56549114,-0.02111111,1.991481,0.11603671,-0.02111111,1.9255441,0.031313233,-0.015833333,2.1561975,0.109962516,-0.015833333
1.44,1.7479444,0.9497757,0.031666666,1.7479444,0.9497757,-0.031666666,1.8018783,1.5604392,0.05277778,1.8018783,1.5604392,-0.05277778,1.6603186,0.54354507,0.02111111,1.4731712,0.11215955,0.02111111,1.3714572,0.07900001,0.015833333,1.6098807,0.028591864,0.015833333,1.8794221,0.5649832,-0.02111111,1.9960221,0.11259559,-0.02111111,1.9270797,0.030293386,-0.015833333,2.1610043,0.09860135,-0.015833333
1.45,1.7600601,0.94891477,0.031666666,1.7600601,0.94891477,-0.031666666,1.811809,1.5597672,0.05277778,1.811809,1.5597672,-0.05277778,1.6719851,0.5426641,0.02111111,1.4750353,0.11526528,0.02111111,1.3724164,0.08492722,0.015833333,1.6092209,0.02739156,0.015833333,1.8917842,0.5641823,-0.02111111,1.9985032,0.108873636,-0.02111111,1.9265707,0.029182363,-0.015833333,2.1633353,0.0868817,-0.015833333
1.46,1.7721963,0.94821185,0.031666666,1.7721963,0.94821185,-0.031666666,1.821369,1.5592773,0.05277778,1.821369,1.5592773,-0.05277778,1.6842446,0.54183614,0.02111111,1.4771138,0.118845105,0.02111111,1.3735739,0.09166948,0.015833333,1.6082749,0.02607885,0.015833333,1.9030163,0.56311584,-0.02111111,1.9999614,0.10521698,-0.02111111,1.9253627,0.028037872,-0.015833333,2.1642876,0.076013416,-0.015833333
1.47,1.7843394,0.94768196,0.031666666,1.7843394,0.94768196,-0.031666666,1.830797,1.5589597,0.05277778,1.830797,1.5589597,-0.05277778,1.6974503,0.5410317,0.02111111,1.4797001,0.12293112,0.02111111,1.3752433,0.09930991,0.015833333,1.6072185,0.02464918,0.015833333,1.9138802,0.5620866,-0.02111111,2.0008187,0.1017952,-0.02111111,1.923879,0.02697232,-0.015833333,2.1643608,0.066409044,-0.015833333
1.48,1.7964851,0.9473525,0.031666666,1.7964851,0.9473525,-0.031666666,1.8401715,1.5588346,0.05277778,1.8401715,1.5588346,-0.05277778,1.7118387,0.5402542,0.02111111,1.4830348,0.12757528,0.02111111,1.3776934,0.107966766,0.015833333,1.6061245,0.023078859,0.015833333,1.924655,0.5612271,-0.02111111,2.001009,0.09866756,-0.02111111,1.9221325,0.025896188,-0.015833333,2.1636083,0.058701333,-0.015833333
1.49,1.808623,0.94723475,0.031666666,1.808623,0.94723475,-0.031666666,1.8496761,1.5588993,0.05277778,1.8496761,1.5588993,-0.05277778,1.7277174,0.5394987,0.02111111,1.4874599,0.13281214,0.02111111,1.3813089,0.11774785,0.015833333,1.60512,0.021335356,0.015833333,1.9354732,0.56060266,-0.02111111,2.0007055,0.09594029,-0.02111111,1.9202509,0.024905864,-0.015833333,2.16233,0.052913617,-0.015833333
1.5,1.8207197,0.94727653,0.031666666,1.8207197,0.94727653,-0.031666666,1.8599181,1.5590627,0.05277778,1.8599181,1.5590627,-0.05277778,1.7456759,0.53870195,0.02111111,1.4936221,0.1386027,0.02111111,1.3868028,0.1286789,0.015833333,1.6046073,0.019372381,0.015833333,1.9475719,0.5606165,-0.02111111,2.0002935,0.093871236,-0.02111111,1.9186032,0.024230227,-0.015833333,2.1609697,0.049631193,-0.015833333
1.51,1.8327907,0.94750917,0.031666666,1.8327907,0.94750917,-0.031666666,1.8706295,1.559381,0.05277778,1.8706295,1.559381,-0.05277778,1.7655356,0.5379902,0.02111111,1.5017035,0.14493504,0.02111111,1.3944471,0.14080852,0.015833333,1.6044182,0.01711981,0.015833333,1.9599664,0.5609423,-0.02111111,1.9997803,0.09241858,-0.02111111,1.917113,0.023917127,-0.015833333,2.1596017,0.04812325,-0.015833333
1.52,1.8448583,0.9479589,0.031666666,1.8448583,0.9479589,-0.031666666,1.8813987,1.5599096,0.05277778,1.8813987,1.5599096,-0.05277778,1.7868798,0.537512,0.02111111,1.5117893,0.15167207,0.02111111,1.4044523,0.15401743,0.015833333,1.6042491,0.0144898,0.015833333,1.9712937,0.5611106,-0.02111111,1.9992305,0.091331005,-0.02111111,1.9156809,0.023907393,-0.015833333,2.1582842,0.04693733,-0.015833333
1.53,1.8569249,0.9485959,0.031666666,1.8569249,0.9485959,-0.031666666,1.8921834,1.5606217,0.05277778,1.8921834,1.5606217,-0.05277778,1.8093518,0.5373509,0.02111111,1.5241488,0.15842766,0.02111111,1.4172446,0.16786598,0.015833333,1.6040013,0.011313587,0.015833333,1.9813486,0.5610246,-0.02111111,1.9986717,0.09044397,-0.02111111,1.9143162,0.02404549,-0.015833333,2.1570394,0.04577457,-0.015833333
1.54,1.8689857,0.9493768,0.031666666,1.8689857,0.9493768,-0.031666666,1.9030758,1.5614688,0.05277778,1.9030758,1.5614688,-0.05277778,1.8324285,0.5375644,0.02111111,1.5390096,0.16458338,0.02111111,1.4332247,0.18158595,0.015833333,1.6036249,0.007372126,0.015833333,1.9903407,0.56073505,-0.02111111,1.9981632,0.08969593,-0.02111111,1.9130821,0.02425282,-0.015833333,2.1559193,0.04466873,-0.015833333
1.5499999999999998,1.8810339,0.9502298,0.031666666,1.8810339,0.9502298,-0.031666666,1.914193,1.5623729,0.05277778,1.914193,1.5623729,-0.05277778,1.855747,0.53813255,0.02111111,1.5561792,0.16979831,0.02111111,1.4523182,0.1944994,0.015833333,1.6032552,0.0031757504,0.015833333,1.9986163,0.56031334,-0.02111111,1.997821,0.08906448,-0.02111111,1.9120772,0.024520203,-0.015833333,2.1550217,0.04361885,-0.015833333
1.56,1.8930712,0.9509565,0.031666666,1.8930712,0.9509565,-0.031666666,1.9255084,1.5631385,0.05277778,1.9255084,1.5631385,-0.05277778,1.8796499,0.53888,0.02111111,1.5733166,0.1759358,0.02111111,1.4714866,0.20669988,0.015833333,1.606157,0.0035974234,0.015833333,2.0065827,0.5597105,-0.02111111,1.9976393,0.08842859,-0.02111111,1.9113212,0.02469096,-0.015833333,2.1543438,0.042767234,-0.015833333
1.5699999999999998,1.905105,0.9515992,0.031666666,1.905105,0.9515992,-0.031666666,1.9368894,1.5638154,0.05277778,1.9368894,1.5638154,-0.05277778,1.9039353,0.5398822,0.02111111,1.5900655,0.18329611,0.02111111,1.48991,0.21843873,0.015833333,1.6130672,0.00815548,0.015833333,2.0141664,0.55895066,-0.02111111,1.9975404,0.08778933,-0.02111111,1.9107287,0.024770427,-0.015833333,2.1538062,0.042092122,-0.015833333
1.58,1.917137,0.9522105,0.031666666,1.917137,0.9522105,-0.031666666,1.9483029,1.5644584,0.05277778,1.9483029,1.5644584,-0.05277778,1.9284493,0.54121196,0.02111111,1.6066327,0.19174358,0.02111111,1.5076354,0.2298788,0.015833333,1.6238459,0.015678331,0.015833333,2.0212517,0.55806404,-0.02111111,1.9974859,0.08715561,-0.02111111,1.9102635,0.024758644,-0.015833333,2.153375,0.04159739,-0.015833333
1.5899999999999999,1.929156,0.9528421,0.031666666,1.929156,0.9528421,-0.031666666,1.9599547,1.5651085,0.05277778,1.9599547,1.5651085,-0.05277778,1.9532862,0.5429596,0.02111111,1.6240523,0.20054829,0.02111111,1.5258412,0.24079122,0.015833333,1.6379685,0.024425343,0.015833333,2.0279026,0.55714583,-0.02111111,1.9976351,0.08659172,-0.02111111,1.9100587,0.024748363,-0.015833333,2.153196,0.04120806,-0.015833333
1.6,1.9411645,0.95353234,0.031666666,1.9411645,0.95353234,-0.031666666,1.9717966,1.5658071,0.05277778,1.9717966,1.5658071,-0.05277778,1.9782687,0.5451691,0.02111111,1.6425388,0.20931399,0.02111111,1.544878,0.25110185,0.015833333,1.6545873,0.033499926,0.015833333,2.0340745,0.55623776,-0.02111111,1.9979556,0.08611384,-0.02111111,1.9100733,0.024761874,-0.015833333,2.1532319,0.040907882,-0.015833333
1.6099999999999999,1.9531654,0.9543111,0.031666666,1.9531654,0.9543111,-0.031666666,1.9837829,1.5665866,0.05277778,1.9837829,1.5665866,-0.05277778,2.0031426,0.54784465,0.02111111,1.6621687,0.21759373,0.02111111,1.5648428,0.260418,0.015833333,1.673479,0.042278305,0.015833333,2.0397382,0.5553807,-0.02111111,1.9984164,0.08574015,-0.02111111,1.9102657,0.024827726,-0.015833333,2.153444,0.040672608,-0.015833333
1.62,1.9651589,0.9551965,0.031666666,1.9651589,0.9551965,-0.031666666,1.9958997,1.5674659,0.05277778,1.9958997,1.5674659,-0.05277778,2.0276875,0.5509568,0.02111111,1.68302,0.22489586,0.02111111,1.5857835,0.26819637,0.015833333,1.694732,0.050212532,0.015833333,2.0449135,0.5546199,-0.02111111,1.9990187,0.08549523,-0.02111111,1.91062,0.024990045,-0.015833333,2.1538224,0.0404604,-0.015833333
1.63,1.9771472,0.95620066,0.031666666,1.9771472,0.95620066,-0.031666666,2.0081139,1.5684587,0.05277778,2.0081139,1.5684587,-0.05277778,2.0515957,0.55442464,0.02111111,1.705086,0.23065868,0.02111111,1.6075816,0.27366176,0.015833333,1.7188306,0.056842968,0.015833333,2.049624,0.55399454,-0.02111111,1.9997525,0.08540282,-0.02111111,1.9111079,0.025294911,-0.015833333,2.1543438,0.040225606,-0.015833333
1.6400000000000001,1.9891326,0.95732975,0.031666666,1.9891326,0.95732975,-0.031666666,2.0203843,1.5695733,0.05277778,2.0203843,1.5695733,-0.05277778,2.0745106,0.55811596,0.02111111,1.728363,0.23424202,0.02111111,1.630137,0.275935,0.015833333,1.7462734,0.06169437,0.015833333,2.0539465,0.55354744,-0.02111111,2.0006254,0.085495025,-0.02111111,1.9117093,0.025811143,-0.015833333,2.154996,0.03989537,-0.015833333
1.65,2.001115,0.9585663,0.031666666,2.001115,0.9585663,-0.031666666,2.0327055,1.5707924,0.05277778,2.0327055,1.5707924,-0.05277778,2.0963168,0.5619074,0.02111111,1.7529408,0.23527345,0.02111111,1.6536065,0.27464274,0.015833333,1.776937,0.06446111,0.015833333,2.0580924,0.55331874,-0.02111111,2.0016997,0.085807145,-0.02111111,1.9124529,0.026622254,-0.015833333,2.1558118,0.039394513,-0.015833333
1.6600000000000001,2.013096,0.959882,0.031666666,2.013096,0.959882,-0.031666666,2.0450532,1.5720892,0.05277778,2.0450532,1.5720892,-0.05277778,2.116937,0.5656704,0.02111111,1.7789102,0.23355359,0.02111111,1.6782056,0.26965553,0.015833333,1.8104991,0.06499688,0.015833333,2.0622518,0.55331814,-0.02111111,2.002944,0.08635542,-0.02111111,1.9133196,0.027736068,-0.015833333,2.1567597,0.038854055,-0.015833333
1.67,2.0250754,0.9612192,0.031666666,2.0250754,0.9612192,-0.031666666,2.057431,1.5734054,0.05277778,2.057431,1.5734054,-0.05277778,2.1365685,0.56933475,0.02111111,1.8062189,0.22952059,0.02111111,1.7040157,0.2615104,0.015833333,1.8466111,0.06389135,0.015833333,2.0665166,0.55349886,-0.02111111,2.0042691,0.087105125,-0.02111111,1.9142697,0.029055737,-0.015833333,2.1577797,0.038523808,-0.015833333
1.68,2.0370536,0.96253526,0.031666666,2.0370536,0.96253526,-0.031666666,2.069833,1.5746989,0.05277778,2.069833,1.5746989,-0.05277778,2.15525,0.5728147,0.02111111,1.8348241,0.22347775,0.02111111,1.7310948,0.2504966,0.015833333,1.8851836,0.061702028,0.015833333,2.0708544,0.5538074,-0.02111111,2.005633,0.088005215,-0.02111111,1.9152756,0.030510616,-0.015833333,2.1588411,0.038422763,-0.015833333
1.69,2.049028,0.9637819,0.031666666,2.049028,0.9637819,-0.031666666,2.0823019,1.5759189,0.05277778,2.0823019,1.5759189,-0.05277778,2.1731844,0.5760857,0.02111111,1.8648329,0.21583739,0.02111111,1.7597475,0.23733534,0.015833333,1.9254549,0.05865185,0.015833333,2.0752916,0.5541949,-0.02111111,2.0070853,0.08900362,-0.02111111,1.9163742,0.03206508,-0.015833333,2.1599848,0.038433846,-0.015833333
1.7,2.0609965,0.96491367,0.031666666,2.0609965,0.96491367,-0.031666666,2.094875,1.5770175,0.05277778,2.094875,1.5770175,-0.05277778,2.1905255,0.5791254,0.02111111,1.8962594,0.2070466,0.02111111,1.7900915,0.22265413,0.015833333,1.9670255,0.055080056,0.015833333,2.0798535,0.55461365,-0.02111111,2.0086594,0.090051025,-0.02111111,1.9175929,0.03367888,-0.015833333,2.1612396,0.038474396,-0.015833333
1.71,2.0729597,0.9658975,0.031666666,2.0729597,0.9658975,-0.031666666,2.1075523,1.5779613,0.05277778,2.1075523,1.5779613,-0.05277778,2.2072759,0.58187675,0.02111111,1.9290146,0.19744247,0.02111111,1.8220779,0.206739,0.015833333,2.0099561,0.051534474,0.015833333,2.0844936,0.55502003,-0.02111111,2.0103426,0.09110126,-0.02111111,1.918921,0.03530179,-0.015833333,2.1625938,0.038499527,-0.015833333
1.72,2.0849135,0.9667001,0.031666666,2.0849135,0.9667001,-0.031666666,2.1203914,1.5787132,0.05277778,2.1203914,1.5787132,-0.05277778,2.2235658,0.5843371,0.02111111,1.9631164,0.18740115,0.02111111,1.8557959,0.19017494,0.015833333,2.0538282,0.04815407,0.015833333,2.0893016,0.5553836,-0.02111111,2.0121694,0.092126936,-0.02111111,1.9203911,0.036911145,-0.015833333,2.16408,0.0384871,-0.015833333
1.73,2.0968568,0.96730393,0.031666666,2.0968568,0.96730393,-0.031666666,2.1334229,1.5792531,0.05277778,2.1334229,1.5792531,-0.05277778,2.2394207,0.58648396,0.02111111,1.998611,0.17715538,0.02111111,1.891314,0.17342289,0.015833333,2.0982697,0.04475239,0.015833333,2.0943155,0.5556809,-0.02111111,2.0141504,0.093106866,-0.02111111,1.9220141,0.038485873,-0.015833333,2.165708,0.03842656,-0.015833333
1.74,2.1087894,0.9676917,0.031666666,2.1087894,0.9676917,-0.031666666,2.1466537,1.579562,0.05277778,2.1466537,1.579562,-0.05277778,2.2548687,0.58829814,0.02111111,2.0353317,0.1670526,0.02111111,1.9284556,0.15684357,0.015833333,2.143227,0.04169204,0.015833333,2.0995178,0.55588436,-0.02111111,2.0162683,0.09401497,-0.02111111,1.9237787,0.03999211,-0.015833333,2.1674669,0.03831706,-0.015833333
1.75,2.12071,0.96785605,0.031666666,2.12071,0.96785605,-0.031666666,2.1600962,1.5796301,0.05277778,2.1600962,1.5796301,-0.05277778,2.2698317,0.58972883,0.02111111,2.07309,0.15730986,0.02111111,1.9670572,0.14047375,0.015833333,2.1889086,0.039634034,0.015833333,2.1049335,0.5559783,-0.02111111,2.0185134,0.09484032,-0.02111111,1.9256753,0.04141842,-0.015833333,2.1693475,0.038162094,-0.015833333
1.76,2.1326182,0.9677951,0.031666666,2.1326182,0.9677951,-0.031666666,2.1737611,1.5794536,0.05277778,2.1737611,1.5794536,-0.05277778,2.2842333,0.5907301,0.02111111,2.1117117,0.14811441,0.02111111,2.0070148,0.12436465,0.015833333,2.2353456,0.039207444,0.015833333,2.1105914,0.55595136,-0.02111111,2.0208764,0.095577925,-0.02111111,1.9276949,0.042760648,-0.015833333,2.1713417,0.037967935,-0.015833333
1.77,2.1445134,0.9675275,0.031666666,2.1445134,0.9675275,-0.031666666,2.1876616,1.5790478,0.05277778,2.1876616,1.5790478,-0.05277778,2.2979488,0.5912565,0.02111111,2.1513562,0.1395109,0.02111111,2.04844,0.10896725,0.015833333,2.282009,0.03945277,0.015833333,2.116525,0.555812,-0.02111111,2.0233622,0.09624168,-0.02111111,1.9298388,0.0440399,-0.015833333,2.173451,0.037735082,-0.015833333
1.78,2.1563966,0.9670677,0.031666666,2.1563966,0.9670677,-0.031666666,2.2017667,1.5784272,0.05277778,2.2017667,1.5784272,-0.05277778,2.3107133,0.5911976,0.02111111,2.1918693,0.13161293,0.02111111,2.0912738,0.09413783,0.015833333,2.3291366,0.04114744,0.015833333,2.12272,0.55556226,-0.02111111,2.025938,0.09684062,-0.02111111,1.9320705,0.045270827,-0.015833333,2.1756392,0.037460983,-0.015833333
1.79,2.168269,0.96642965,0.031666666,2.168269,0.96642965,-0.031666666,2.2160647,1.5776043,0.05277778,2.2160647,1.5776043,-0.05277778,2.3224404,0.59052336,0.02111111,2.233332,0.124652416,0.02111111,2.135517,0.08042406,0.015833333,2.3764238,0.04367359,0.015833333,2.1291914,0.55520487,-0.02111111,2.0285916,0.09738544,-0.02111111,1.9343754,0.04647026,-0.015833333,2.177891,0.03714729,-0.015833333
1.7999999999999998,2.1801367,0.96561587,0.031666666,2.1801367,0.96561587,-0.031666666,2.2304409,1.5765891,0.05277778,2.2304409,1.5765891,-0.05277778,2.333139,0.58923864,0.02111111,2.2752957,0.11903149,0.02111111,2.1806684,0.068330124,0.015833333,2.4234507,0.047271192,0.015833333,2.1358526,0.5547327,-0.02111111,2.031241,0.097877204,-0.02111111,1.9366724,0.04763803,-0.015833333,2.180125,0.036797184,-0.015833333
1.81,2.1920047,0.9646256,0.031666666,2.1920047,0.9646256,-0.031666666,2.2447994,1.5753887,0.05277778,2.2447994,1.5753887,-0.05277778,2.342907,0.587392,0.02111111,2.3170958,0.11510125,0.02111111,2.226109,0.058116306,0.015833333,2.4697454,0.05281146,0.015833333,2.1426773,0.5541366,-0.02111111,2.0338182,0.09832099,-0.02111111,1.9388933,0.048782744,-0.015833333,2.1822734,0.036419474,-0.015833333
1.8199999999999998,2.2038815,0.9634616,0.031666666,2.2038815,0.9634616,-0.031666666,2.2589974,1.5740196,0.05277778,2.2589974,1.5740196,-0.05277778,2.351971,0.58509094,0.02111111,2.357673,0.113056004,0.02111111,2.2707725,0.05001156,0.015833333,2.5142262,0.060825385,0.015833333,2.1496484,0.55341,-0.02111111,2.0362432,0.0987311,-0.02111111,1.9409524,0.049930457,-0.015833333,2.1842487,0.036015105,-0.015833333
1.83,2.215777,0.96215355,0.031666666,2.215777,0.96215355,-0.031666666,2.272858,1.572531,0.05277778,2.272858,1.572531,-0.05277778,2.360495,0.58244264,0.02111111,2.3960235,0.112769336,0.02111111,2.3135679,0.04401332,0.015833333,2.5557466,0.07114496,0.015833333,2.1567273,0.5525754,-0.02111111,2.0384343,0.09915078,-0.02111111,1.9427583,0.051144272,-0.015833333,2.1859548,0.035581473,-0.015833333
1.8399999999999999,2.2276974,0.9607368,0.031666666,2.2276974,0.9607368,-0.031666666,2.2862694,1.5709729,0.05277778,2.2862694,1.5709729,-0.05277778,2.3687081,0.57958305,0.02111111,2.4313183,0.113875836,0.02111111,2.353522,0.03989127,0.015833333,2.5933373,0.08319636,0.015833333,2.1639454,0.5516578,-0.02111111,2.0403628,0.099629134,-0.02111111,1.9442706,0.052500013,-0.015833333,2.1873434,0.03510925,-0.015833333
1.85,2.239645,0.959255,0.031666666,2.239645,0.959255,-0.031666666,2.2991996,1.569396,0.05277778,2.2991996,1.569396,-0.05277778,2.3769662,0.5766989,0.02111111,2.463069,0.11587733,0.02111111,2.3896978,0.03750608,0.015833333,2.6264768,0.095147215,0.015833333,2.171399,0.5506848,-0.02111111,2.0420616,0.10022038,-0.02111111,1.9455088,0.05408235,-0.015833333,2.1884217,0.034588203,-0.015833333
1.8599999999999999,2.2516215,0.9577502,0.031666666,2.2516215,0.9577502,-0.031666666,2.3116171,1.567848,0.05277778,2.3116171,1.567848,-0.05277778,2.3855743,0.5739416,0.02111111,2.490797,0.118124306,0.02111111,2.421404,0.036216456,0.015833333,2.6548429,0.10616669,0.015833333,2.1791503,0.549683,-0.02111111,2.043557,0.10097724,-0.02111111,1.9464898,0.05597097,-0.015833333,2.189192,0.034009144,-0.015833333
1.87,2.2636251,0.9562644,0.031666666,2.2636251,0.9562644,-0.031666666,2.3235493,1.5663693,0.05277778,2.3235493,1.5663693,-0.05277778,2.394811,0.5714447,0.02111111,2.5143225,0.119992584,0.02111111,2.4481926,0.035437554,0.015833333,2.6784728,0.1151731,0.015833333,2.1872785,0.5486765,-0.02111111,2.0449119,0.1019482,-0.02111111,1.94727,0.058239173,-0.015833333,2.189691,0.033364072,-0.015833333
1.88,2.2756526,0.954834,0.031666666,2.2756526,0.954834,-0.031666666,2.3350642,1.5649889,0.05277778,2.3350642,1.5649889,-0.05277778,2.404916,0.56931806,0.02111111,2.5336776,0.1209864,0.02111111,2.469809,0.034719087,0.015833333,2.697687,0.12108119,0.015833333,2.1958838,0.5476804,-0.02111111,2.0462098,0.103176236,-0.02111111,1.9479285,0.060953353,-0.015833333,2.1899729,0.032647856,-0.015833333
1.8900000000000001,2.287698,0.9534863,0.031666666,2.287698,0.9534863,-0.031666666,2.3462553,1.5637238,0.05277778,2.3462553,1.5637238,-0.05277778,2.4160707,0.5676428,0.02111111,2.549062,0.120813936,0.02111111,2.4861755,0.033830687,0.015833333,2.713002,0.12291758,0.015833333,2.2050633,0.5466999,-0.02111111,2.047544,0.10469484,-0.02111111,1.948559,0.064167924,-0.015833333,2.1901011,0.031854257,-0.015833333
1.9,2.2997563,0.95223695,0.031666666,2.2997563,0.95223695,-0.031666666,2.357226,1.5625778,0.05277778,2.357226,1.5625778,-0.05277778,2.4283693,0.56646407,0.02111111,2.5607712,0.11941281,0.02111111,2.4974256,0.032755077,0.015833333,2.7249115,0.12014429,0.015833333,2.2149036,0.5457302,-0.02111111,2.049007,0.10652876,-0.02111111,1.9492579,0.067925975,-0.015833333,2.1901345,0.030977935,-0.015833333
1.9100000000000001,2.3118217,0.95108944,0.031666666,2.3118217,0.95108944,-0.031666666,2.3680613,1.5615449,0.05277778,2.3680613,1.5615449,-0.05277778,2.441769,0.5657757,0.02111111,2.5691268,0.11692473,0.02111111,2.503922,0.031641543,0.015833333,2.7336864,0.112850875,0.015833333,2.2254708,0.5447576,-0.02111111,2.0506742,0.108697236,-0.02111111,1.9501073,0.07226495,-0.015833333,2.1901104,0.030013427,-0.015833333
1.92,2.323904,0.95005894,0.031666666,2.323904,0.95005894,-0.031666666,2.3785949,1.5606551,0.05277778,2.3785949,1.5606551,-0.05277778,2.455365,0.5652705,0.02111111,2.5744493,0.11365494,0.02111111,2.5063827,0.030626852,0.015833333,2.7393723,0.102059126,0.015833333,2.2366095,0.54380816,-0.02111111,2.052466,0.11124691,-0.02111111,1.9510345,0.07725419,-0.015833333,2.189893,0.028949328,-0.015833333
1.93,2.3360991,0.9486934,0.031666666,2.3360991,0.9486934,-0.031666666,2.3871117,1.559608,0.05277778,2.3871117,1.559608,-0.05277778,2.4674942,0.5638313,0.02111111,2.5712674,0.10772002,0.02111111,2.4984283,0.028863613,0.015833333,2.735989,0.08319256,0.015833333,2.2479053,0.54243094,-0.02111111,2.0481415,0.116226286,-0.02111111,1.945268,0.08673077,-0.015833333,2.1815438,0.027061261,-0.015833333
1.94,2.3482425,0.9480506,0.031666666,2.3482425,0.9480506,-0.031666666,2.3965402,1.5591857,0.05277778,2.3965402,1.5591857,-0.05277778,2.4783497,0.562685,0.02111111,2.5724607,0.10410079,0.02111111,2.497067,0.027708422,0.015833333,2.7365835,0.0726364,0.015833333,2.2603943,0.5416229,-0.02111111,2.0503058,0.119966656,-0.02111111,1.9465047,0.09375442,-0.015833333,2.1805043,0.025703736,-0.015833333
1.95,2.3603873,0.9475844,0.031666666,2.3603873,0.9475844,-0.031666666,2.4059303,1.558931,0.05277778,2.4059303,1.558931,-0.05277778,2.4891257,0.56168866,0.02111111,2.57313,0.1007615,0.02111111,2.495503,0.026660658,0.015833333,2.7363977,0.063489825,0.015833333,2.2739584,0.54082686,-0.02111111,2.0530908,0.12422195,-0.02111111,1.9483747,0.101703286,-0.015833333,2.179424,0.024224252,-0.015833333
1.96,2.3725271,0.94731396,0.031666666,2.3725271,0.94731396,-0.031666666,2.4154086,1.5588529,0.05277778,2.4154086,1.5588529,-0.05277778,2.5001533,0.56098354,0.02111111,2.573147,0.0977647,0.02111111,2.4937303,0.025582623,0.015833333,2.7354405,0.056614924,0.015833333,2.2888734,0.5400387,-0.02111111,2.0567806,0.12903795,-0.02111111,1.9511933,0.110693105,-0.015833333,2.1784046,0.022592254,-0.015833333
1.97,2.3846533,0.94724995,0.031666666,2.3846533,0.94724995,-0.031666666,2.4251244,1.5589533,0.05277778,2.4251244,1.5589533,-0.05277778,2.5113707,0.560562,0.02111111,2.572773,0.09522894,0.02111111,2.4919012,0.024660647,0.015833333,2.7340937,0.051671334,0.015833333,2.3053982,0.53926706,-0.02111111,2.0617113,0.13444507,-0.02111111,1.9553454,0.120828435,-0.015833333,2.1775484,0.020765744,-0.015833333
1.98,2.3967404,0.947351,0.031666666,2.3967404,0.947351,-0.031666666,2.4355426,1.5591624,0.05277778,2.4355426,1.5591624,-0.05277778,2.5236683,0.56071156,0.02111111,2.5723143,0.09336412,0.02111111,2.4903061,0.024088044,0.015833333,2.7327154,0.049077347,0.015833333,2.3239827,0.5384847,-0.02111111,2.0684657,0.14040011,-0.02111111,1.961487,0.13212802,-0.015833333,2.1771684,0.01868949,-0.015833333
1.99,2.40881,0.9476553,0.031666666,2.40881,0.9476553,-0.031666666,2.4462788,1.5595498,0.05277778,2.4462788,1.5595498,-0.05277778,2.535759,0.5610026,0.02111111,2.57177,0.09204146,0.02111111,2.4888275,0.023870952,0.015833333,2.7313478,0.04775826,0.015833333,2.3443239,0.5378393,-0.02111111,2.0771613,0.1468614,-0.02111111,1.9698365,0.1446008,-0.015833333,2.177011,0.016283303,-0.015833333
2.0,2.420878,0.94816893,0.031666666,2.420878,0.94816893,-0.031666666,2.4570432,1.5601419,0.05277778,2.4570432,1.5601419,-0.05277778,2.5466533,0.561083,0.02111111,2.5712075,0.09102166,0.02111111,2.4874086,0.023910977,0.015833333,2.7300458,0.046582885,0.015833333,2.3660278,0.5374563,-0.02111111,2.0879426,0.15361372,-0.02111111,1.9806739,0.15802641,-0.015833333,2.176839,0.013437614,-0.015833333
2.01,2.4329429,0.94885343,0.031666666,2.4329429,0.94885343,-0.031666666,2.467856,1.560899,0.05277778,2.467856,1.560899,-0.05277778,2.5563548,0.56092715,0.02111111,2.5706584,0.090180784,0.02111111,2.4860797,0.024073504,0.015833333,2.7288353,0.04543648,0.015833333,2.3886898,0.5374085,-0.02111111,2.1010551,0.16020605,-0.02111111,1.9944077,0.17186432,-0.015833333,2.1765735,0.009992942,-0.015833333
2.02,2.4449995,0.94966054,0.031666666,2.4449995,0.94966054,-0.031666666,2.478822,1.5617676,0.05277778,2.478822,1.5617676,-0.05277778,2.565126,0.5606003,0.02111111,2.5702052,0.089478105,0.02111111,2.484917,0.024313573,0.015833333,2.7277865,0.04433959,0.015833333,2.4118292,0.5377326,-0.02111111,2.1166348,0.16606778,-0.02111111,2.011343,0.1853747,-0.015833333,2.176142,0.005853057,-0.015833333
2.03,2.4570436,0.95047516,0.031666666,2.4570436,0.95047516,-0.031666666,2.4900165,1.5626285,0.05277778,2.4900165,1.5626285,-0.05277778,2.5733302,0.5601316,0.02111111,2.569931,0.08885664,0.02111111,2.4840007,0.024571758,0.015833333,2.7269711,0.043332465,0.015833333,2.4353356,0.53835166,-0.02111111,2.1337962,0.17155701,-0.02111111,2.0304954,0.19808236,-0.015833333,2.1766648,0.0030919611,-0.015833333
2.04,2.469079,0.95117444,0.031666666,2.469079,0.95117444,-0.031666666,2.5013666,1.5633643,0.05277778,2.5013666,1.5633643,-0.05277778,2.5812068,0.5594878,0.02111111,2.569793,0.08822954,0.02111111,2.4833066,0.024733346,0.015833333,2.7263508,0.042517602,0.015833333,2.4593706,0.53917253,-0.02111111,2.150799,0.17807764,-0.02111111,2.0494435,0.21014857,-0.015833333,2.1807399,0.004848838,-0.015833333
2.05,2.4811127,0.9518055,0.031666666,2.4811127,0.9518055,-0.031666666,2.5127478,1.5640293,0.05277778,2.5127478,1.5640293,-0.05277778,2.5886421,0.5586872,0.02111111,2.569704,0.087593585,0.02111111,2.4827476,0.024789486,0.015833333,2.7258406,0.041892357,0.015833333,2.4837232,0.54026985,-0.02111111,2.1674314,0.18580717,-0.02111111,2.0676057,0.22183648,-0.015833333,2.1887517,0.010388181,-0.015833333
2.06,2.493141,0.95242226,0.031666666,2.493141,0.95242226,-0.031666666,2.5242276,1.5646741,0.05277778,2.5242276,1.5646741,-0.05277778,2.5955904,0.55778795,0.02111111,2.5697083,0.08698231,0.02111111,2.4823585,0.024780255,0.015833333,2.7254832,0.04142812,0.015833333,2.508342,0.5417236,-0.02111111,2.1842613,0.1943649,-0.02111111,2.0855095,0.23316263,-0.015833333,2.200405,0.018253863,-0.015833333
2.07,2.5051575,0.95307237,0.031666666,2.5051575,0.95307237,-0.031666666,2.5359266,1.5653404,0.05277778,2.5359266,1.5653404,-0.05277778,2.6020823,0.55686855,0.02111111,2.569903,0.08644417,0.02111111,2.4822145,0.02477568,0.015833333,2.7253633,0.041068025,0.015833333,2.5332367,0.5436119,-0.02111111,2.202046,0.20313779,-0.02111111,2.104069,0.24397357,-0.015833333,2.2149966,0.0269901,-0.015833333
2.08,2.5171647,0.95378894,0.031666666,2.5171647,0.95378894,-0.031666666,2.5477958,1.5660639,0.05277778,2.5477958,1.5660639,-0.05277778,2.6080823,0.55596936,0.02111111,2.570253,0.08599493,0.02111111,2.482273,0.024798952,0.015833333,2.7254415,0.04079404,0.015833333,2.55819,0.5459628,-0.02111111,2.2208588,0.21178982,-0.02111111,2.1233828,0.25404105,-0.015833333,2.232214,0.035998687,-0.015833333
2.09,2.5291638,0.95460033,0.031666666,2.5291638,0.95460033,-0.031666666,2.5598087,1.5668746,0.05277778,2.5598087,1.5668746,-0.05277778,2.6135845,0.55513775,0.02111111,2.5707479,0.085659355,0.02111111,2.4825075,0.024891179,0.015833333,2.7256966,0.04057067,0.015833333,2.5829782,0.5487751,-0.02111111,2.2408602,0.21980259,-0.02111111,2.1436698,0.2629629,-0.015833333,2.2516954,0.0445202,-0.015833333
2.1,2.541156,0.95551836,0.031666666,2.541156,0.95551836,-0.031666666,2.5719543,1.5677849,0.05277778,2.5719543,1.5677849,-0.05277778,2.6186242,0.5544157,0.02111111,2.5713925,0.08546063,0.02111111,2.4829056,0.025096059,0.015833333,2.7261214,0.040355254,0.015833333,2.607386,0.55200714,-0.02111111,2.2620559,0.22674909,-0.02111111,2.1648512,0.27016747,-0.015833333,2.2737784,0.052173108,-0.015833333
2.11,2.5531435,0.9565546,0.031666666,2.5531435,0.9565546,-0.031666666,2.5841837,1.5688089,0.05277778,2.5841837,1.5688089,-0.05277778,2.6232142,0.55383795,0.02111111,2.572164,0.085419774,0.02111111,2.4834275,0.025455639,0.015833333,2.7266805,0.04010553,0.015833333,2.6310492,0.5555573,-0.02111111,2.2843893,0.23204648,-0.02111111,2.1867194,0.274775,-0.015833333,2.299141,0.058561847,-0.015833333
2.12,2.5651276,0.957712,0.031666666,2.5651276,0.957712,-0.031666666,2.5964735,1.5699508,0.05277778,2.5964735,1.5699508,-0.05277778,2.6274843,0.5534542,0.02111111,2.5731046,0.08557671,0.02111111,2.484079,0.026058767,0.015833333,2.7273896,0.03972175,0.015833333,2.6537113,0.5593054,-0.02111111,2.308014,0.23502526,-0.02111111,2.209487,0.27612534,-0.015833333,2.3276198,0.06297898,-0.015833333
2.13,2.577111,0.9589807,0.031666666,2.577111,0.9589807,-0.031666666,2.6087816,1.5712028,0.05277778,2.6087816,1.5712028,-0.05277778,2.6316018,0.5532981,0.02111111,2.5742314,0.08596304,0.02111111,2.4848545,0.026971843,0.015833333,2.7282429,0.039172407,0.015833333,2.6751156,0.5630945,-0.02111111,2.3329768,0.23520017,-0.02111111,2.2332149,0.2736101,-0.015833333,2.3593698,0.0651115,-0.015833333
2.14,2.5890923,0.9603121,0.031666666,2.5890923,0.9603121,-0.031666666,2.6211233,1.5725154,0.05277778,2.6211233,1.5725154,-0.05277778,2.6357954,0.55336404,0.02111111,2.5755029,0.08658451,0.02111111,2.4857452,0.0281659,0.015833333,2.7292118,0.03868848,0.015833333,2.6953993,0.56683314,-0.02111111,2.3593564,0.23270693,-0.02111111,2.2581615,0.26754835,-0.015833333,2.3938222,0.065105885,-0.015833333
2.15,2.6010718,0.9616552,0.031666666,2.6010718,0.9616552,-0.031666666,2.6334977,1.5738376,0.05277778,2.6334977,1.5738376,-0.05277778,2.6400974,0.5535999,0.02111111,2.576835,0.08739811,0.02111111,2.4867082,0.029544793,0.015833333,2.7302392,0.038454477,0.015833333,2.714692,0.57044363,-0.02111111,2.3871076,0.22792643,-0.02111111,2.2843955,0.2583766,-0.015833333,2.4307406,0.06351797,-0.015833333
2.16,2.6130488,0.96295893,0.031666666,2.6130488,0.96295893,-0.031666666,2.6459196,1.5751176,0.05277778,2.6459196,1.5751176,-0.05277778,2.644488,0.5539459,0.02111111,2.5782297,0.08834332,0.02111111,2.4877465,0.031045504,0.015833333,2.731329,0.038408943,0.015833333,2.7331524,0.57387483,-0.02111111,2.4162,0.22132388,-0.02111111,2.3120189,0.24665736,-0.015833333,2.4698074,0.060943738,-0.015833333
2.17,2.6250215,0.9641847,0.031666666,2.6250215,0.9641847,-0.031666666,2.6584222,1.5763148,0.05277778,2.6584222,1.5763148,-0.05277778,2.6489863,0.5543611,0.02111111,2.579729,0.08937621,0.02111111,2.4888895,0.03264158,0.015833333,2.7325141,0.03844076,0.015833333,2.7508714,0.5770806,-0.02111111,2.446774,0.21315834,-0.02111111,2.3413334,0.2329184,-0.015833333,2.5104022,0.05741197,-0.015833333
2.1799999999999997,2.6369877,0.9652792,0.031666666,2.6369877,0.9652792,-0.031666666,2.671035,1.5773736,0.05277778,2.671035,1.5773736,-0.05277778,2.65359,0.55478674,0.02111111,2.5813496,0.09043583,0.02111111,2.4901538,0.034271307,0.015833333,2.7338111,0.038484376,0.015833333,2.768066,0.58005524,-0.02111111,2.4787068,0.2040686,-0.02111111,2.372284,0.21788773,-0.015833333,2.5523007,0.0536298,-0.015833333
2.19,2.6489475,0.9662023,0.031666666,2.6489475,0.9662023,-0.031666666,2.6837728,1.578253,0.05277778,2.6837728,1.578253,-0.05277778,2.658289,0.5551765,0.02111111,2.5830877,0.09147516,0.02111111,2.4915385,0.03588344,0.015833333,2.7352183,0.038504872,0.015833333,2.784809,0.5827655,-0.02111111,2.5118098,0.19450909,-0.02111111,2.4047184,0.20189479,-0.015833333,2.5956488,0.050460547,-0.015833333
2.2,2.6608994,0.96694535,0.031666666,2.6608994,0.96694535,-0.031666666,2.6966515,1.5789425,0.05277778,2.6966515,1.5789425,-0.05277778,2.6630778,0.55551696,0.02111111,2.5849464,0.09247962,0.02111111,2.493047,0.03746366,0.015833333,2.7367387,0.038483832,0.015833333,2.801083,0.58517957,-0.02111111,2.5463705,0.18448207,-0.02111111,2.4390178,0.18547799,-0.015833333,2.6394875,0.046919063,-0.015833333
2.21,2.6728404,0.96747625,0.031666666,2.6728404,0.96747625,-0.031666666,2.7097251,1.5794063,0.05277778,2.7097251,1.5794063,-0.05277778,2.668077,0.5557773,0.02111111,2.586951,0.09342533,0.02111111,2.4947011,0.038994994,0.015833333,2.7383943,0.03840999,0.015833333,2.816861,0.5872405,-0.02111111,2.5821369,0.17435175,-0.02111111,2.474926,0.16864733,-0.015833333,2.6844144,0.04414323,-0.015833333
2.2199999999999998,2.6847684,0.96778595,0.031666666,2.6847684,0.96778595,-0.031666666,2.7230356,1.5796311,0.05277778,2.7230356,1.5796311,-0.05277778,2.6733384,0.555941,0.02111111,2.5891201,0.094299585,0.02111111,2.4965205,0.040464777,0.015833333,2.7402046,0.03828333,0.015833333,2.8322368,0.58896375,-0.02111111,2.619197,0.16437277,-0.02111111,2.512539,0.1520969,-0.015833333,2.7297044,0.041525953,-0.015833333
2.23,2.6966834,0.96787184,0.031666666,2.6966834,0.96787184,-0.031666666,2.7365797,1.579613,0.05277778,2.7365797,1.579613,-0.05277778,2.678861,0.5559931,0.02111111,2.5914283,0.095092595,0.02111111,2.4984815,0.041860383,0.015833333,2.7421465,0.038111847,0.015833333,2.8470833,0.59028244,-0.02111111,2.657287,0.1547682,-0.02111111,2.551634,0.13570397,-0.015833333,2.7757938,0.040105104,-0.015833333
2.2399999999999998,2.7085855,0.9677491,0.031666666,2.7085855,0.9677491,-0.031666666,2.7503536,1.5793653,0.05277778,2.7503536,1.5793653,-0.05277778,2.684648,0.5559369,0.02111111,2.5938606,0.09581268,0.02111111,2.500568,0.043193318,0.015833333,2.7442043,0.037900217,0.015833333,2.8612022,0.5911145,-0.02111111,2.696508,0.14555156,-0.02111111,2.592326,0.11964384,-0.015833333,2.8224626,0.039495297,-0.015833333
2.25,2.7204754,0.9674278,0.031666666,2.7204754,0.9674278,-0.031666666,2.7643452,1.5788968,0.05277778,2.7643452,1.5788968,-0.05277778,2.6906993,0.55577093,0.02111111,2.596397,0.096464396,0.02111111,2.5027583,0.04447161,0.015833333,2.7463565,0.03764895,0.015833333,2.8744247,0.591384,-0.02111111,2.7367394,0.13690811,-0.02111111,2.6345365,0.10406198,-0.015833333,2.8696668,0.04002679,-0.015833333
2.26,2.7323537,0.96691257,0.031666666,2.7323537,0.96691257,-0.031666666,2.778539,1.578211,0.05277778,2.778539,1.578211,-0.05277778,2.6970198,0.55548847,0.02111111,2.5990198,0.097048104,0.02111111,2.5050335,0.045698155,0.015833333,2.7485847,0.0373584,0.015833333,2.8867793,0.59109783,-0.02111111,2.7777548,0.12919909,-0.02111111,2.6780157,0.08949927,-0.015833333,2.9169831,0.041736163,-0.015833333
2.27,2.744225,0.96620953,0.031666666,2.744225,0.96620953,-0.031666666,2.7928536,1.5773184,0.05277778,2.7928536,1.5773184,-0.05277778,2.703551,0.55508494,0.02111111,2.6016695,0.097566605,0.02111111,2.5073347,0.046876315,0.015833333,2.7508297,0.03703022,0.015833333,2.8982704,0.59025824,-0.02111111,2.8192418,0.12273529,-0.02111111,2.7223976,0.0764155,-0.015833333,2.9640098,0.044629905,-0.015833333
2.28,2.756093,0.9653318,0.031666666,2.756093,0.9653318,-0.031666666,2.8072217,1.5762366,0.05277778,2.8072217,1.5762366,-0.05277778,2.7102723,0.55456465,0.02111111,2.6042972,0.0980348,0.02111111,2.5096097,0.048027195,0.015833333,2.753039,0.036669683,0.015833333,2.9087749,0.58882767,-0.02111111,2.8610363,0.11770129,-0.02111111,2.767489,0.06503018,-0.015833333,3.0106401,0.048775196,-0.015833333
2.29,2.767965,0.96427983,0.031666666,2.767965,0.96427983,-0.031666666,2.821505,1.5749781,0.05277778,2.821505,1.5749781,-0.05277778,2.7171297,0.5539204,0.02111111,2.6068118,0.09846142,0.02111111,2.5117657,0.04916477,0.015833333,2.7551188,0.036282245,0.015833333,2.918374,0.5868486,-0.02111111,2.9022548,0.11438435,-0.02111111,2.8125408,0.055416282,-0.015833333,3.0562346,0.05546798,-0.015833333
2.3,2.7798517,0.96307445,0.031666666,2.7798517,0.96307445,-0.031666666,2.8355296,1.5735815,0.05277778,2.8355296,1.5735815,-0.05277778,2.7240782,0.5531659,0.02111111,2.6091235,0.0988791,0.02111111,2.5137053,0.05033717,0.015833333,2.7569695,0.035868257,0.015833333,2.9271722,0.5843965,-0.02111111,2.942027,0.11285877,-0.02111111,2.8565464,0.04790362,-0.015833333,3.099687,0.06431699,-0.015833333
2.31,2.7917569,0.9617362,0.031666666,2.7917569,0.9617362,-0.031666666,2.8492136,1.5720783,0.05277778,2.8492136,1.5720783,-0.05277778,2.7311728,0.55231106,0.02111111,2.6112144,0.09932116,0.02111111,2.5154014,0.051599223,0.015833333,2.7585578,0.03542327,0.015833333,2.9355373,0.5816566,-0.02111111,2.9794323,0.11301535,-0.02111111,2.8984137,0.04257268,-0.015833333,3.139952,0.07491561,-0.015833333
2.32,2.8036857,0.960301,0.031666666,2.8036857,0.960301,-0.031666666,2.8624766,1.5705161,0.05277778,2.8624766,1.5705161,-0.05277778,2.738472,0.5513785,0.02111111,2.6130784,0.099835545,0.02111111,2.516835,0.053026564,0.015833333,2.7598565,0.034936316,0.015833333,2.9437733,0.57879245,-0.02111111,3.0137012,0.11445272,-0.02111111,2.937129,0.03920157,-0.015833333,3.1762147,0.08636926,-0.015833333
2.33,2.815642,0.9588089,0.031666666,2.815642,0.9588089,-0.031666666,2.8752499,1.5689447,0.05277778,2.8752499,1.5689447,-0.05277778,2.7460248,0.55039394,0.02111111,2.6147168,0.10047495,0.02111111,2.5179968,0.054699566,0.015833333,2.7608435,0.034398515,0.015833333,2.9521601,0.5759506,-0.02111111,3.0441766,0.11656651,-0.02111111,2.9718938,0.037190612,-0.015833333,3.207855,0.09809204,-0.015833333
2.34,2.8276272,0.9573054,0.031666666,2.8276272,0.9573054,-0.031666666,2.8875182,1.5674134,0.05277778,2.8875182,1.5674134,-0.05277778,2.7538977,0.54938674,0.02111111,2.6161692,0.1012938,0.02111111,2.5189168,0.056699913,0.015833333,2.7615323,0.03380039,0.015833333,2.9609647,0.573269,-0.02111111,3.0705712,0.1187219,-0.02111111,3.0021007,0.03604258,-0.015833333,3.2347045,0.10872148,-0.015833333
2.35,2.8396382,0.955831,0.031666666,2.8396382,0.955831,-0.031666666,2.8993156,1.56596,0.05277778,2.8993156,1.56596,-0.05277778,2.762172,0.54837906,0.02111111,2.6175003,0.102339804,0.02111111,2.5196536,0.059099842,0.015833333,2.7619603,0.033134893,0.015833333,2.9704306,0.5708662,-0.02111111,3.092774,0.12033424,-0.02111111,3.0273776,0.03521417,-0.015833333,3.2568705,0.117187805,-0.015833333
2.36,2.8516722,0.95442265,0.031666666,2.8516722,0.95442265,-0.031666666,2.9107168,1.5646132,0.05277778,2.9107168,1.5646132,-0.05277778,2.7709446,0.5473865,0.02111111,2.6187983,0.10365561,0.02111111,2.5202923,0.06196513,0.015833333,2.7621858,0.03239613,0.015833333,2.9807568,0.56883824,-0.02111111,3.110939,0.12099898,-0.02111111,3.0474732,0.03443777,-0.015833333,3.2748835,0.1220238,-0.015833333
2.37,2.8637233,0.95310384,0.031666666,2.8637233,0.95310384,-0.031666666,2.9218118,1.5633862,0.05277778,2.9218118,1.5633862,-0.05277778,2.7803004,0.5464123,0.02111111,2.6201513,0.10527176,0.02111111,2.520923,0.06534585,0.015833333,2.762266,0.03157845,0.015833333,2.9921005,0.5672556,-0.02111111,3.125251,0.120480984,-0.02111111,3.0623643,0.033496965,-0.015833333,3.2892103,0.12253468,-0.015833333
2.38,2.875786,0.9518869,0.031666666,2.875786,0.9518869,-0.031666666,2.9326937,1.5622805,0.05277778,2.9326937,1.5622805,-0.05277778,2.7903128,0.54545,0.02111111,2.621643,0.10721117,0.02111111,2.5216336,0.06928265,0.015833333,2.76225,0.030675791,0.015833333,3.0045185,0.56614876,-0.02111111,3.1359897,0.11876625,-0.02111111,3.0722456,0.032396723,-0.015833333,3.3002484,0.11842855,-0.015833333
2.39,2.8878567,0.95077395,0.031666666,2.8878567,0.95077395,-0.031666666,2.9434383,1.5612898,0.05277778,2.9434383,1.5612898,-0.05277778,2.8010404,0.5444862,0.02111111,2.6233435,0.109493256,0.02111111,2.5225027,0.07381347,0.015833333,2.7621677,0.029683605,0.015833333,3.0179148,0.56549114,-0.02111111,3.143481,0.11603671,-0.02111111,3.0775442,0.031313233,-0.015833333,3.3081977,0.109962516,-0.015833333
2.4,2.8999443,0.9497757,0.031666666,2.8999443,0.9497757,-0.031666666,2.9538784,1.5604392,0.05277778,2.9538784,1.5604392,-0.05277778,2.8123188,0.54354507,0.02111111,2.6251714,0.11215955,0.02111111,2.5234573,0.07900001,0.015833333,2.7618806,0.028591864,0.015833333,3.0314221,0.5649832,-0.02111111,3.1480222,0.11259559,-0.02111111,3.0790796,0.030293386,-0.015833333,3.3130043,0.09860135,-0.015833333
2.41,2.91206,0.94891477,0.031666666,2.91206,0.94891477,-0.031666666,2.963809,1.5597672,0.05277778,2.963809,1.5597672,-0.05277778,2.823985,0.5426641,0.02111111,2.6270351,0.11526528,0.02111111,2.5244164,0.08492722,0.015833333,2.761221,0.02739156,0.015833333,3.0437841,0.5641823,-0.02111111,3.1505032,0.108873636,-0.02111111,3.0785708,0.029182363,-0.015833333,3.3153355,0.0868817,-0.015833333
2.42,2.9241962,0.94821185,0.031666666,2.9241962,0.94821185,-0.031666666,2.9733691,1.5592773,0.05277778,2.9733691,1.5592773,-0.05277778,2.8362446,0.54183614,0.02111111,2.6291137,0.118845105,0.02111111,2.525574,0.09166948,0.015833333,2.760275,0.02607885,0.015833333,3.0550165,0.56311584,-0.02111111,3.1519616,0.10521698,-0.02111111,3.0773625,0.028037872,-0.015833333,3.3162875,0.076013416,-0.015833333
2.4299999999999997,2.9363394,0.94768196,0.031666666,2.9363394,0.94768196,-0.031666666,2.9827967,1.5589597,0.05277778,2.9827967,1.5589597,-0.05277778,2.84945,0.5410317,0.02111111,2.6317,0.12293112,0.02111111,2.5272434,0.09930991,0.015833333,2.7592185,0.02464918,0.015833333,3.06588,0.5620866,-0.02111111,3.1528187,0.1017952,-0.02111111,3.0758789,0.02697232,-0.015833333,3.3163607,0.066409044,-0.015833333
2.44,2.948485,0.9473525,0.031666666,2.948485,0.9473525,-0.031666666,2.9921715,1.5588346,0.05277778,2.9921715,1.5588346,-0.05277778,2.8638387,0.5402542,0.02111111,2.635035,0.12757528,0.02111111,2.5296936,0.107966766,0.015833333,2.7581246,0.023078859,0.015833333,3.076655,0.5612271,-0.02111111,3.153009,0.09866756,-0.02111111,3.0741327,0.025896188,-0.015833333,3.3156085,0.058701333,-0.015833333
2.45,2.960623,0.94723475,0.031666666,2.960623,0.94723475,-0.031666666,3.001676,1.5588993,0.05277778,3.001676,1.5588993,-0.05277778,2.8797176,0.5394987,0.02111111,2.6394598,0.13281214,0.02111111,2.5333087,0.11774785,0.015833333,2.7571197,0.021335356,0.015833333,3.0874734,0.56060266,-0.02111111,3.1527057,0.09594029,-0.02111111,3.072251,0.024905864,-0.015833333,3.3143303,0.052913617,-0.015833333
2.46,2.9727197,0.94727653,0.031666666,2.9727197,0.94727653,-0.031666666,3.011918,1.5590627,0.05277778,3.011918,1.5590627,-0.05277778,2.897676,0.53870195,0.02111111,2.645622,0.1386027,0.02111111,2.5388026,0.1286789,0.015833333,2.7566073,0.019372381,0.015833333,3.099572,0.5606165,-0.02111111,3.1522934,0.093871236,-0.02111111,3.0706031,0.024230227,-0.015833333,3.3129697,0.049631193,-0.015833333
2.4699999999999998,2.9847908,0.94750917,0.031666666,2.9847908,0.94750917,-0.031666666,3.0226295,1.559381,0.05277778,3.0226295,1.559381,-0.05277778,2.9175355,0.5379902,0.02111111,2.6537035,0.14493504,0.02111111,2.5464473,0.14080852,0.015833333,2.7564182,0.01711981,0.015833333,3.1119664,0.5609423,-0.02111111,3.1517804,0.09241858,-0.02111111,3.0691128,0.023917127,-0.015833333,3.3116014,0.04812325,-0.015833333
2.48,2.9968584,0.9479589,0.031666666,2.9968584,0.9479589,-0.031666666,3.0333986,1.5599096,0.05277778,3.0333986,1.5599096,-0.05277778,2.9388797,0.537512,0.02111111,2.6637893,0.15167207,0.02111111,2.556452,0.15401743,0.015833333,2.756249,0.0144898,0.015833333,3.1232939,0.5611106,-0.02111111,3.1512306,0.091331005,-0.02111111,3.0676808,0.023907393,-0.015833333,3.3102841,0.04693733,-0.015833333
2.49,3.008925,0.9485959,0.031666666,3.008925,0.9485959,-0.031666666,3.0441835,1.5606217,0.05277778,3.0441835,1.5606217,-0.05277778,2.9613519,0.5373509,0.02111111,2.676149,0.15842766,0.02111111,2.5692444,0.16786598,0.015833333,2.7560012,0.011313587,0.015833333,3.1333485,0.5610246,-0.02111111,3.1506715,0.09044397,-0.02111111,3.0663161,0.02404549,-0.015833333,3.3090394,0.04577457,-0.015833333
2.5,3.0209856,0.9493768,0.031666666,3.0209856,0.9493768,-0.031666666,3.055076,1.5614688,0.05277778,3.055076,1.5614688,-0.05277778,2.9844284,0.5375644,0.02111111,2.6910095,0.16458338,0.02111111,2.5852244,0.18158595,0.015833333,2.7556248,0.007372126,0.015833333,3.1423407,0.56073505,-0.02111111,3.1501634,0.08969593,-0.02111111,3.0650823,0.02425282,-0.015833333,3.3079195,0.04466873,-0.015833333
2.51,3.0330338,0.9502298,0.031666666,3.0330338,0.9502298,-0.031666666,3.066193,1.5623729,0.05277778,3.066193,1.5623729,-0.05277778,3.0077472,0.53813255,0.02111111,2.7081792,0.16979831,0.02111111,2.6043181,0.1944994,0.015833333,2.7552552,0.0031757504,0.015833333,3.1506164,0.56031334,-0.02111111,3.149821,0.08906448,-0.02111111,3.0640774,0.024520203,-0.015833333,3.3070219,0.04361885,-0.015833333
2.52,3.0450711,0.9509565,0.031666666,3.0450711,0.9509565,-0.031666666,3.0775084,1.5631385,0.05277778,3.0775084,1.5631385,-0.05277778,3.0316498,0.53888,0.02111111,2.7253168,0.1759358,0.02111111,2.6234868,0.20669988,0.015833333,2.7581573,0.0035974234,0.015833333,3.1585827,0.5597105,-0.02111111,3.1496394,0.08842859,-0.02111111,3.0633214,0.02469096,-0.015833333,3.3063438,0.042767234,-0.015833333
2.53,3.057105,0.9515992,0.031666666,3.057105,0.9515992,-0.031666666,3.0888896,1.5638154,0.05277778,3.0888896,1.5638154,-0.05277778,3.0559354,0.5398822,0.02111111,2.7420654,0.18329611,0.02111111,2.64191,0.21843873,0.015833333,2.7650673,0.00815548,0.015833333,3.1661663,0.55895066,-0.02111111,3.1495404,0.08778933,-0.02111111,3.062729,0.024770427,-0.015833333,3.3058064,0.042092122,-0.015833333
2.54,3.069137,0.9522105,0.031666666,3.069137,0.9522105,-0.031666666,3.100303,1.5644584,0.05277778,3.100303,1.5644584,-0.05277778,3.0804493,0.54121196,0.02111111,2.758633,0.19174358,0.02111111,2.6596355,0.2298788,0.015833333,2.7758462,0.015678331,0.015833333,3.1732519,0.55806404,-0.02111111,3.1494858,0.08715561,-0.02111111,3.0622635,0.024758644,-0.015833333,3.3053749,0.04159739,-0.015833333
2.55,3.081156,0.9528421,0.031666666,3.081156,0.9528421,-0.031666666,3.1119547,1.5651085,0.05277778,3.1119547,1.5651085,-0.05277778,3.1052861,0.5429596,0.02111111,2.7760522,0.20054829,0.02111111,2.677841,0.24079122,0.015833333,2.7899683,0.024425343,0.015833333,3.1799026,0.55714583,-0.02111111,3.149635,0.08659172,-0.02111111,3.0620584,0.024748363,-0.015833333,3.305196,0.04120806,-0.015833333
2.56,3.0931647,0.95353234,0.031666666,3.0931647,0.95353234,-0.031666666,3.1237967,1.5658071,0.05277778,3.1237967,1.5658071,-0.05277778,3.1302688,0.5451691,0.02111111,2.7945387,0.20931399,0.02111111,2.696878,0.25110185,0.015833333,2.8065872,0.033499926,0.015833333,3.1860745,0.55623776,-0.02111111,3.1499555,0.08611384,-0.02111111,3.0620732,0.024761874,-0.015833333,3.3052316,0.040907882,-0.015833333
2.57,3.1051655,0.9543111,0.031666666,3.1051655,0.9543111,-0.031666666,3.135783,1.5665866,0.05277778,3.135783,1.5665866,-0.05277778,3.1551425,0.54784465,0.02111111,2.8141687,0.21759373,0.02111111,2.716843,0.260418,0.015833333,2.825479,0.042278305,0.015833333,3.1917384,0.5553807,-0.02111111,3.1504166,0.08574015,-0.02111111,3.0622659,0.024827726,-0.015833333,3.3054442,0.040672608,-0.015833333
2.58,3.117159,0.9551965,0.031666666,3.117159,0.9551965,-0.031666666,3.1478996,1.5674659,0.05277778,3.1478996,1.5674659,-0.05277778,3.1796875,0.5509568,0.02111111,2.83502,0.22489586,0.02111111,2.7377834,0.26819637,0.015833333,2.846732,0.050212532,0.015833333,3.1969135,0.5546199,-0.02111111,3.1510186,0.08549523,-0.02111111,3.06262,0.024990045,-0.015833333,3.3058224,0.0404604,-0.015833333
2.59,3.1291473,0.95620066,0.031666666,3.1291473,0.95620066,-0.031666666,3.160114,1.5684587,0.05277778,3.160114,1.5684587,-0.05277778,3.2035959,0.55442464,0.02111111,2.857086,0.23065868,0.02111111,2.7595816,0.27366176,0.015833333,2.8708305,0.056842968,0.015833333,3.2016242,0.55399454,-0.02111111,3.1517525,0.08540282,-0.02111111,3.0631077,0.025294911,-0.015833333,3.3063438,0.040225606,-0.015833333
2.6,3.1411324,0.95732975,0.031666666,3.1411324,0.95732975,-0.031666666,3.172384,1.5695733,0.05277778,3.172384,1.5695733,-0.05277778,3.2265103,0.55811596,0.02111111,2.8803627,0.23424202,0.02111111,2.7821367,0.275935,0.015833333,2.8982732,0.06169437,0.015833333,3.2059462,0.55354744,-0.02111111,3.1526253,0.085495025,-0.02111111,3.0637093,0.025811143,-0.015833333,3.3069959,0.03989537,-0.015833333
2.61,3.153115,0.9585663,0.031666666,3.153115,0.9585663,-0.031666666,3.1847055,1.5707924,0.05277778,3.1847055,1.5707924,-0.05277778,3.2483168,0.5619074,0.02111111,2.9049408,0.23527345,0.02111111,2.8056066,0.27464274,0.015833333,2.928937,0.06446111,0.015833333,3.2100923,0.55331874,-0.02111111,3.1536996,0.085807145,-0.02111111,3.0644531,0.026622254,-0.015833333,3.307812,0.039394513,-0.015833333
2.62,3.165096,0.959882,0.031666666,3.165096,0.959882,-0.031666666,3.1970534,1.5720892,0.05277778,3.1970534,1.5720892,-0.05277778,3.268937,0.5656704,0.02111111,2.9309103,0.23355359,0.02111111,2.8302057,0.26965553,0.015833333,2.9624994,0.06499688,0.015833333,3.2142518,0.55331814,-0.02111111,3.154944,0.08635542,-0.02111111,3.0653195,0.027736068,-0.015833333,3.30876,0.038854055,-0.015833333
2.63,3.1770754,0.9612192,0.031666666,3.1770754,0.9612192,-0.031666666,3.209431,1.5734054,0.05277778,3.209431,1.5734054,-0.05277778,3.2885685,0.56933475,0.02111111,2.9582188,0.22952059,0.02111111,2.8560157,0.2615104,0.015833333,2.9986112,0.06389135,0.015833333,3.2185166,0.55349886,-0.02111111,3.156269,0.087105125,-0.02111111,3.0662696,0.029055737,-0.015833333,3.3097796,0.038523808,-0.015833333
2.6399999999999997,3.1890535,0.96253526,0.031666666,3.1890535,0.96253526,-0.031666666,3.221833,1.5746989,0.05277778,3.221833,1.5746989,-0.05277778,3.30725,0.5728147,0.02111111,2.986824,0.22347775,0.02111111,2.8830948,0.2504966,0.015833333,3.0371835,0.061702028,0.015833333,3.2228544,0.5538074,-0.02111111,3.157633,0.088005215,-0.02111111,3.0672758,0.030510616,-0.015833333,3.310841,0.038422763,-0.015833333
2.65,3.2010279,0.9637819,0.031666666,3.2010279,0.9637819,-0.031666666,3.2343018,1.5759189,0.05277778,3.2343018,1.5759189,-0.05277778,3.3251843,0.5760857,0.02111111,3.0168328,0.21583739,0.02111111,2.9117477,0.23733534,0.015833333,3.077455,0.05865185,0.015833333,3.2272916,0.5541949,-0.02111111,3.1590853,0.08900362,-0.02111111,3.0683742,0.03206508,-0.015833333,3.3119848,0.038433846,-0.015833333
2.66,3.2129965,0.96491367,0.031666666,3.2129965,0.96491367,-0.031666666,3.246875,1.5770175,0.05277778,3.246875,1.5770175,-0.05277778,3.3425255,0.5791254,0.02111111,3.0482593,0.2070466,0.02111111,2.9420915,0.22265413,0.015833333,3.1190255,0.055080056,0.015833333,3.2318535,0.55461365,-0.02111111,3.1606593,0.090051025,-0.02111111,3.0695927,0.03367888,-0.015833333,3.3132393,0.038474396,-0.015833333
2.67,3.2249596,0.9658975,0.031666666,3.2249596,0.9658975,-0.031666666,3.2595522,1.5779613,0.05277778,3.2595522,1.5779613,-0.05277778,3.3592758,0.58187675,0.02111111,3.0810146,0.19744247,0.02111111,2.9740777,0.206739,0.015833333,3.161956,0.051534474,0.015833333,3.2364936,0.55502003,-0.02111111,3.1623425,0.09110126,-0.02111111,3.0709207,0.03530179,-0.015833333,3.3145938,0.038499527,-0.015833333
2.6799999999999997,3.2369137,0.9667001,0.031666666,3.2369137,0.9667001,-0.031666666,3.2723916,1.5787132,0.05277778,3.2723916,1.5787132,-0.05277778,3.375566,0.5843371,0.02111111,3.1151166,0.18740115,0.02111111,3.007796,0.19017494,0.015833333,3.2058284,0.04815407,0.015833333,3.2413018,0.5553836,-0.02111111,3.1641695,0.092126936,-0.02111111,3.0723915,0.036911145,-0.015833333,3.3160803,0.0384871,-0.015833333
2.69,3.2488568,0.96730393,0.031666666,3.2488568,0.96730393,-0.031666666,3.2854228,1.5792531,0.05277778,3.2854228,1.5792531,-0.05277778,3.3914206,0.58648396,0.02111111,3.150611,0.17715538,0.02111111,3.043314,0.17342289,0.015833333,3.2502697,0.04475239,0.015833333,3.2463155,0.5556809,-0.02111111,3.1661503,0.093106866,-0.02111111,3.074014,0.038485873,-0.015833333,3.317708,0.03842656,-0.015833333
2.7,3.2607894,0.9676917,0.031666666,3.2607894,0.9676917,-0.031666666,3.2986536,1.579562,0.05277778,3.2986536,1.579562,-0.05277778,3.4068687,0.58829814,0.02111111,3.1873317,0.1670526,0.02111111,3.0804555,0.15684357,0.015833333,3.2952273,0.04169204,0.015833333,3.2515178,0.55588436,-0.02111111,3.1682682,0.09401497,-0.02111111,3.0757785,0.03999211,-0.015833333,3.3194668,0.03831706,-0.015833333
2.71,3.27271,0.96785605,0.031666666,3.27271,0.96785605,-0.031666666,3.3120966,1.5796301,0.05277778,3.3120966,1.5796301,-0.05277778,3.4218318,0.58972883,0.02111111,3.2250903,0.15730986,0.02111111,3.1190574,0.14047375,0.015833333,3.3409088,0.039634034,0.015833333,3.2569337,0.5559783,-0.02111111,3.1705136,0.09484032,-0.02111111,3.0776756,0.04141842,-0.015833333,3.3213477,0.038162094,-0.015833333
2.7199999999999998,3.2846181,0.9677951,0.031666666,3.2846181,0.9677951,-0.031666666,3.325761,1.5794536,0.05277778,3.325761,1.5794536,-0.05277778,3.4362333,0.5907301,0.02111111,3.2637117,0.14811441,0.02111111,3.1590147,0.12436465,0.015833333,3.3873456,0.039207444,0.015833333,3.2625914,0.55595136,-0.02111111,3.1728764,0.095577925,-0.02111111,3.079695,0.042760648,-0.015833333,3.3233416,0.037967935,-0.015833333
2.73,3.2965133,0.9675275,0.031666666,3.2965133,0.9675275,-0.031666666,3.3396616,1.5790478,0.05277778,3.3396616,1.5790478,-0.05277778,3.4499488,0.5912565,0.02111111,3.3033562,0.1395109,0.02111111,3.20044,0.10896725,0.015833333,3.4340088,0.03945277,0.015833333,3.268525,0.555812,-0.02111111,3.175362,0.09624168,-0.02111111,3.0818386,0.0440399,-0.015833333,3.325451,0.037735082,-0.015833333
2.74,3.3083968,0.9670677,0.031666666,3.3083968,0.9670677,-0.031666666,3.353767,1.5784272,0.05277778,3.353767,1.5784272,-0.05277778,3.4627135,0.5911976,0.02111111,3.3438694,0.13161293,0.02111111,3.243274,0.09413783,0.015833333,3.4811368,0.04114744,0.015833333,3.2747202,0.55556226,-0.02111111,3.177938,0.09684062,-0.02111111,3.0840702,0.045270827,-0.015833333,3.327639,0.037460983,-0.015833333
2.75,3.3202689,0.96642965,0.031666666,3.3202689,0.96642965,-0.031666666,3.3680646,1.5776043,0.05277778,3.3680646,1.5776043,-0.05277778,3.4744403,0.59052336,0.02111111,3.3853319,0.124652416,0.02111111,3.2875168,0.08042406,0.015833333,3.5284238,0.04367359,0.015833333,3.2811913,0.55520487,-0.02111111,3.1805916,0.09738544,-0.02111111,3.0863752,0.04647026,-0.015833333,3.329891,0.03714729,-0.015833333
2.76,3.3321366,0.96561587,0.031666666,3.3321366,0.96561587,-0.031666666,3.3824408,1.5765891,0.05277778,3.3824408,1.5765891,-0.05277778,3.485139,0.58923864,0.02111111,3.4272957,0.11903149,0.02111111,3.3326683,0.068330124,0.015833333,3.5754507,0.047271192,0.015833333,3.2878525,0.5547327,-0.02111111,3.183241,0.097877204,-0.02111111,3.0886724,0.04763803,-0.015833333,3.332125,0.036797184,-0.015833333
2.77,3.3440046,0.9646256,0.031666666,3.3440046,0.9646256,-0.031666666,3.3967993,1.5753887,0.05277778,3.3967993,1.5753887,-0.05277778,3.494907,0.587392,0.02111111,3.4690957,0.11510125,0.02111111,3.378109,0.058116306,0.015833333,3.6217453,0.05281146,0.015833333,3.2946773,0.5541366,-0.02111111,3.1858182,0.09832099,-0.02111111,3.0908933,0.048782744,-0.015833333,3.3342733,0.036419474,-0.015833333
2.78,3.3558815,0.9634616,0.031666666,3.3558815,0.9634616,-0.031666666,3.4109974,1.5740196,0.05277778,3.4109974,1.5740196,-0.05277778,3.5039709,0.58509094,0.02111111,3.5096729,0.113056004,0.02111111,3.4227724,0.05001156,0.015833333,3.6662261,0.060825385,0.015833333,3.3016484,0.55341,-0.02111111,3.1882432,0.0987311,-0.02111111,3.0929523,0.049930457,-0.015833333,3.3362486,0.036015105,-0.015833333
2.79,3.3677769,0.96215355,0.031666666,3.3677769,0.96215355,-0.031666666,3.4248579,1.572531,0.05277778,3.4248579,1.572531,-0.05277778,3.512495,0.58244264,0.02111111,3.5480235,0.112769336,0.02111111,3.4655678,0.04401332,0.015833333,3.7077465,0.07114496,0.015833333,3.3087273,0.5525754,-0.02111111,3.1904342,0.09915078,-0.02111111,3.0947583,0.051144272,-0.015833333,3.3379548,0.035581473,-0.015833333
2.8,3.3796973,0.9607368,0.031666666,3.3796973,0.9607368,-0.031666666,3.4382694,1.5709729,0.05277778,3.4382694,1.5709729,-0.05277778,3.520708,0.57958305,0.02111111,3.5833182,0.113875836,0.02111111,3.505522,0.03989127,0.015833333,3.7453372,0.08319636,0.015833333,3.3159454,0.5516578,-0.02111111,3.1923628,0.099629134,-0.02111111,3.0962706,0.052500013,-0.015833333,3.3393433,0.03510925,-0.015833333
2.81,3.391645,0.959255,0.031666666,3.391645,0.959255,-0.031666666,3.4511995,1.569396,0.05277778,3.4511995,1.569396,-0.05277778,3.5289662,0.5766989,0.02111111,3.615069,0.11587733,0.02111111,3.5416977,0.03750608,0.015833333,3.7784767,0.095147215,0.015833333,3.323399,0.5506848,-0.02111111,3.1940615,0.10022038,-0.02111111,3.0975087,0.05408235,-0.015833333,3.3404217,0.034588203,-0.015833333
2.82,3.4036214,0.9577502,0.031666666,3.4036214,0.9577502,-0.031666666,3.463617,1.567848,0.05277778,3.463617,1.567848,-0.05277778,3.5375743,0.5739416,0.02111111,3.642797,0.118124306,0.02111111,3.5734038,0.036216456,0.015833333,3.8068428,0.10616669,0.015833333,3.3311503,0.549683,-0.02111111,3.1955569,0.10097724,-0.02111111,3.0984898,0.05597097,-0.015833333,3.341192,0.034009144,-0.015833333
2.83,3.415625,0.9562644,0.031666666,3.415625,0.9562644,-0.031666666,3.4755492,1.5663693,0.05277778,3.4755492,1.5663693,-0.05277778,3.5468109,0.5714447,0.02111111,3.6663225,0.119992584,0.02111111,3.6001925,0.035437554,0.015833333,3.8304727,0.1151731,0.015833333,3.3392785,0.5486765,-0.02111111,3.1969118,0.1019482,-0.02111111,3.0992699,0.058239173,-0.015833333,3.341691,0.033364072,-0.015833333
2.84,3.4276526,0.954834,0.031666666,3.4276526,0.954834,-0.031666666,3.4870641,1.5649889,0.05277778,3.4870641,1.5649889,-0.05277778,3.556916,0.56931806,0.02111111,3.6856775,0.1209864,0.02111111,3.621809,0.034719087,0.015833333,3.8496869,0.12108119,0.015833333,3.3478837,0.5476804,-0.02111111,3.1982098,0.103176236,-0.02111111,3.0999284,0.060953353,-0.015833333,3.3419728,0.032647856,-0.015833333
2.85,3.4396982,0.9534863,0.031666666,3.4396982,0.9534863,-0.031666666,3.4982555,1.5637238,0.05277778,3.4982555,1.5637238,-0.05277778,3.568071,0.5676428,0.02111111,3.7010622,0.120813936,0.02111111,3.6381757,0.033830687,0.015833333,3.8650022,0.12291758,0.015833333,3.3570635,0.5466999,-0.02111111,3.1995442,0.10469484,-0.02111111,3.1005592,0.064167924,-0.015833333,3.3421013,0.031854257,-0.015833333
2.86,3.4517562,0.95223695,0.031666666,3.4517562,0.95223695,-0.031666666,3.5092258,1.5625778,0.05277778,3.5092258,1.5625778,-0.05277778,3.5803692,0.56646407,0.02111111,3.7127712,0.11941281,0.02111111,3.6494255,0.032755077,0.015833333,3.8769114,0.12014429,0.015833333,3.3669035,0.5457302,-0.02111111,3.201007,0.10652876,-0.02111111,3.1012578,0.067925975,-0.015833333,3.3421345,0.030977935,-0.015833333
2.87,3.4638216,0.95108944,0.031666666,3.4638216,0.95108944,-0.031666666,3.5200613,1.5615449,0.05277778,3.5200613,1.5615449,-0.05277778,3.5937688,0.5657757,0.02111111,3.7211268,0.11692473,0.02111111,3.655922,0.031641543,0.015833333,3.8856864,0.112850875,0.015833333,3.3774707,0.5447576,-0.02111111,3.2026742,0.108697236,-0.02111111,3.1021073,0.07226495,-0.015833333,3.3421104,0.030013427,-0.015833333
2.88,3.4759042,0.95005894,0.031666666,3.4759042,0.95005894,-0.031666666,3.5305948,1.5606551,0.05277778,3.5305948,1.5606551,-0.05277778,3.6073651,0.5652705,0.02111111,3.7264495,0.11365494,0.02111111,3.658383,0.030626852,0.015833333,3.8913724,0.102059126,0.015833333,3.3886096,0.54380816,-0.02111111,3.204466,0.11124691,-0.02111111,3.1030347,0.07725419,-0.015833333,3.3418932,0.028949328,-0.015833333
2.8899999999999997,3.488099,0.9486934,0.031666666,3.488099,0.9486934,-0.031666666,3.5391116,1.559608,0.05277778,3.5391116,1.559608,-0.05277778,3.6194942,0.5638313,0.02111111,3.7232673,0.10772002,0.02111111,3.6504283,0.028863613,0.015833333,3.887989,0.08319256,0.015833333,3.3999052,0.54243094,-0.02111111,3.2001414,0.116226286,-0.02111111,3.0972679,0.08673077,-0.015833333,3.3335438,0.027061261,-0.015833333
2.9,3.5002425,0.9480506,0.031666666,3.5002425,0.9480506,-0.031666666,3.54854,1.5591857,0.05277778,3.54854,1.5591857,-0.05277778,3.6303496,0.562685,0.02111111,3.7244606,0.10410079,0.02111111,3.649067,0.027708422,0.015833333,3.8885834,0.0726364,0.015833333,3.4123943,0.5416229,-0.02111111,3.2023058,0.119966656,-0.02111111,3.0985045,0.09375442,-0.015833333,3.3325043,0.025703736,-0.015833333
2.9099999999999997,3.5123875,0.9475844,0.031666666,3.5123875,0.9475844,-0.031666666,3.5579305,1.558931,0.05277778,3.5579305,1.558931,-0.05277778,3.6411262,0.56168866,0.02111111,3.72513,0.1007615,0.02111111,3.6475031,0.026660658,0.015833333,3.888398,0.063489825,0.015833333,3.4259586,0.54082686,-0.02111111,3.205091,0.12422195,-0.02111111,3.100375,0.101703286,-0.015833333,3.3314242,0.024224252,-0.015833333
2.92,3.524527,0.94731396,0.031666666,3.524527,0.94731396,-0.031666666,3.5674086,1.5588529,0.05277778,3.5674086,1.5588529,-0.05277778,3.6521533,0.56098354,0.02111111,3.725147,0.0977647,0.02111111,3.6457303,0.025582623,0.015833333,3.8874404,0.056614924,0.015833333,3.4408734,0.5400387,-0.02111111,3.2087805,0.12903795,-0.02111111,3.1031933,0.110693105,-0.015833333,3.3304045,0.022592254,-0.015833333
2.9299999999999997,3.5366533,0.94724995,0.031666666,3.5366533,0.94724995,-0.031666666,3.5771244,1.5589533,0.05277778,3.5771244,1.5589533,-0.05277778,3.6633706,0.560562,0.02111111,3.724773,0.09522894,0.02111111,3.643901,0.024660647,0.015833333,3.8860936,0.051671334,0.015833333,3.4573982,0.53926706,-0.02111111,3.2137113,0.13444507,-0.02111111,3.1073453,0.120828435,-0.015833333,3.3295484,0.020765744,-0.015833333
2.94,3.5487406,0.947351,0.031666666,3.5487406,0.947351,-0.031666666,3.5875428,1.5591624,0.05277778,3.5875428,1.5591624,-0.05277778,3.6756687,0.56071156,0.02111111,3.7243145,0.09336412,0.02111111,3.6423063,0.024088044,0.015833333,3.8847156,0.049077347,0.015833333,3.475983,0.5384847,-0.02111111,3.220466,0.14040011,-0.02111111,3.1134872,0.13212802,-0.015833333,3.3291686,0.01868949,-0.015833333
2.9499999999999997,3.5608099,0.9476553,0.031666666,3.5608099,0.9476553,-0.031666666,3.5982788,1.5595498,0.05277778,3.5982788,1.5595498,-0.05277778,3.687759,0.5610026,0.02111111,3.72377,0.09204146,0.02111111,3.6408274,0.023870952,0.015833333,3.8833477,0.04775826,0.015833333,3.4963238,0.5378393,-0.02111111,3.2291613,0.1468614,-0.02111111,3.1218364,0.1446008,-0.015833333,3.329011,0.016283303,-0.015833333
2.96,3.572878,0.94816893,0.031666666,3.572878,0.94816893,-0.031666666,3.6090431,1.5601419,0.05277778,3.6090431,1.5601419,-0.05277778,3.6986532,0.561083,0.02111111,3.7232075,0.09102166,0.02111111,3.6394086,0.023910977,0.015833333,3.8820457,0.046582885,0.015833333,3.5180278,0.5374563,-0.02111111,3.2399426,0.15361372,-0.02111111,3.1326737,0.15802641,-0.015833333,3.328839,0.013437614,-0.015833333
2.9699999999999998,3.5849428,0.94885343,0.031666666,3.5849428,0.94885343,-0.031666666,3.6198559,1.560899,0.05277778,3.6198559,1.560899,-0.05277778,3.7083547,0.56092715,0.02111111,3.7226584,0.090180784,0.02111111,3.6380796,0.024073504,0.015833333,3.8808353,0.04543648,0.015833333,3.5406897,0.5374085,-0.02111111,3.253055,0.16020605,-0.02111111,3.1464076,0.17186432,-0.015833333,3.3285735,0.009992942,-0.015833333
2.98,3.5969994,0.94966054,0.031666666,3.5969994,0.94966054,-0.031666666,3.630822,1.5617676,0.05277778,3.630822,1.5617676,-0.05277778,3.717126,0.5606003,0.02111111,3.7222052,0.089478105,0.02111111,3.6369169,0.024313573,0.015833333,3.8797865,0.04433959,0.015833333,3.5638292,0.5377326,-0.02111111,3.2686348,0.16606778,-0.02111111,3.163343,0.1853747,-0.015833333,3.328142,0.005853057,-0.015833333
2.9899999999999998,3.6090436,0.95047516,0.031666666,3.6090436,0.95047516,-0.031666666,3.6420164,1.5626285,0.05277778,3.6420164,1.5626285,-0.05277778,3.72533,0.5601316,0.02111111,3.721931,0.08885664,0.02111111,3.6360006,0.024571758,0.015833333,3.878971,0.043332465,0.015833333,3.5873356,0.53835166,-0.02111111,3.2857962,0.17155701,-0.02111111,3.1824954,0.19808236,-0.015833333,3.3286648,0.0030919611,-0.015833333
3.0,3.621079,0.95117444,0.031666666,3.621079,0.95117444,-0.031666666,3.6533666,1.5633643,0.05277778,3.6533666,1.5633643,-0.05277778,3.7332067,0.5594878,0.02111111,3.721793,0.08822954,0.02111111,3.6353066,0.024733346,0.015833333,3.8783507,0.042517602,0.015833333,3.6113706,0.53917253,-0.02111111,3.302799,0.17807764,-0.02111111,3.2014434,0.21014857,-0.015833333,3.3327398,0.004848838,-0.015833333
3.01,3.6331127,0.9518055,0.031666666,3.6331127,0.9518055,-0.031666666,3.6647477,1.5640293,0.05277778,3.6647477,1.5640293,-0.05277778,3.740642,0.5586872,0.02111111,3.721704,0.087593585,0.02111111,3.6347475,0.024789486,0.015833333,3.8778405,0.041892357,0.015833333,3.635723,0.54026985,-0.02111111,3.3194313,0.18580717,-0.02111111,3.2196057,0.22183648,-0.015833333,3.3407516,0.010388181,-0.015833333
3.02,3.6451411,0.95242226,0.031666666,3.6451411,0.95242226,-0.031666666,3.6762278,1.5646741,0.05277778,3.6762278,1.5646741,-0.05277778,3.7475905,0.55778795,0.02111111,3.7217085,0.08698231,0.02111111,3.6343586,0.024780255,0.015833333,3.8774834,0.04142812,0.015833333,3.6603422,0.5417236,-0.02111111,3.3362615,0.1943649,-0.02111111,3.2375097,0.23316263,-0.015833333,3.352405,0.018253863,-0.015833333
3.03,3.6571574,0.95307237,0.031666666,3.6571574,0.95307237,-0.031666666,3.6879265,1.5653404,0.05277778,3.6879265,1.5653404,-0.05277778,3.7540822,0.55686855,0.02111111,3.7219028,0.08644417,0.02111111,3.6342144,0.02477568,0.015833333,3.8773632,0.041068025,0.015833333,3.6852367,0.5436119,-0.02111111,3.3540459,0.20313779,-0.02111111,3.256069,0.24397357,-0.015833333,3.3669965,0.0269901,-0.015833333
3.04,3.6691647,0.95378894,0.031666666,3.6691647,0.95378894,-0.031666666,3.6997957,1.5660639,0.05277778,3.6997957,1.5660639,-0.05277778,3.7600822,0.55596936,0.02111111,3.7222528,0.08599493,0.02111111,3.634273,0.024798952,0.015833333,3.8774414,0.04079404,0.015833333,3.71019,0.5459628,-0.02111111,3.3728588,0.21178982,-0.02111111,3.2753828,0.25404105,-0.015833333,3.384214,0.035998687,-0.015833333
3.05,3.681164,0.95460033,0.031666666,3.681164,0.95460033,-0.031666666,3.711809,1.5668746,0.05277778,3.711809,1.5668746,-0.05277778,3.7655847,0.55513775,0.02111111,3.7227483,0.085659355,0.02111111,3.634508,0.024891179,0.015833333,3.877697,0.04057067,0.015833333,3.7349784,0.5487751,-0.02111111,3.3928604,0.21980259,-0.02111111,3.29567,0.2629629,-0.015833333,3.4036956,0.0445202,-0.015833333
3.06,3.693156,0.95551836,0.031666666,3.693156,0.95551836,-0.031666666,3.7239542,1.5677849,0.05277778,3.7239542,1.5677849,-0.05277778,3.7706242,0.5544157,0.02111111,3.7233925,0.08546063,0.02111111,3.6349056,0.025096059,0.015833333,3.8781214,0.040355254,0.015833333,3.759386,0.55200714,-0.02111111,3.4140558,0.22674909,-0.02111111,3.3168511,0.27016747,-0.015833333,3.4257784,0.052173108,-0.015833333
3.07,3.7051435,0.9565546,0.031666666,3.7051435,0.9565546,-0.031666666,3.7361836,1.5688089,0.05277778,3.7361836,1.5688089,-0.05277778,3.7752142,0.55383795,0.02111111,3.724164,0.085419774,0.02111111,3.6354275,0.025455639,0.015833333,3.8786805,0.04010553,0.015833333,3.783049,0.5555573,-0.02111111,3.4363892,0.23204648,-0.02111111,3.3387194,0.274775,-0.015833333,3.4511409,0.058561847,-0.015833333
3.08,3.7171278,0.957712,0.031666666,3.7171278,0.957712,-0.031666666,3.7484736,1.5699508,0.05277778,3.7484736,1.5699508,-0.05277778,3.7794845,0.5534542,0.02111111,3.7251048,0.08557671,0.02111111,3.636079,0.026058767,0.015833333,3.8793898,0.03972175,0.015833333,3.8057115,0.5593054,-0.02111111,3.460014,0.23502526,-0.02111111,3.3614872,0.27612534,-0.015833333,3.47962,0.06297898,-0.015833333
3.09,3.729111,0.9589807,0.031666666,3.729111,0.9589807,-0.031666666,3.7607815,1.5712028,0.05277778,3.7607815,1.5712028,-0.05277778,3.7836018,0.5532981,0.02111111,3.7262313,0.08596304,0.02111111,3.6368544,0.026971843,0.015833333,3.8802428,0.039172407,0.015833333,3.8271155,0.5630945,-0.02111111,3.4849768,0.23520017,-0.02111111,3.3852148,0.2736101,-0.015833333,3.5113697,0.0651115,-0.015833333
3.1,3.7410922,0.9603121,0.031666666,3.7410922,0.9603121,-0.031666666,3.7731233,1.5725154,0.05277778,3.7731233,1.5725154,-0.05277778,3.7877953,0.55336404,0.02111111,3.7275028,0.08658451,0.02111111,3.6377451,0.0281659,0.015833333,3.8812118,0.03868848,0.015833333,3.8473992,0.56683314,-0.02111111,3.5113564,0.23270693,-0.02111111,3.4101615,0.26754835,-0.015833333,3.5458221,0.065105885,-0.015833333
3.11,3.753072,0.9616552,0.031666666,3.753072,0.9616552,-0.031666666,3.785498,1.5738376,0.05277778,3.785498,1.5738376,-0.05277778,3.7920976,0.5535999,0.02111111,3.728835,0.08739811,0.02111111,3.6387084,0.029544793,0.015833333,3.8822393,0.038454477,0.015833333,3.8666923,0.57044363,-0.02111111,3.5391078,0.22792643,-0.02111111,3.4363956,0.2583766,-0.015833333,3.5827408,0.06351797,-0.015833333
3.12,3.7650487,0.96295893,0.031666666,3.7650487,0.96295893,-0.031666666,3.7979195,1.5751176,0.05277778,3.7979195,1.5751176,-0.05277778,3.796488,0.5539459,0.02111111,3.7302296,0.08834332,0.02111111,3.6397464,0.031045504,0.015833333,3.883329,0.038408943,0.015833333,3.8851523,0.57387483,-0.02111111,3.5681999,0.22132388,-0.02111111,3.4640188,0.24665736,-0.015833333,3.6218073,0.060943738,-0.015833333
3.13,3.7770214,0.9641847,0.031666666,3.7770214,0.9641847,-0.031666666,3.8104222,1.5763148,0.05277778,3.8104222,1.5763148,-0.05277778,3.8009863,0.5543611,0.02111111,3.731729,0.08937621,0.02111111,3.6408894,0.03264158,0.015833333,3.884514,0.03844076,0.015833333,3.9028714,0.5770806,-0.02111111,3.598774,0.21315834,-0.02111111,3.4933333,0.2329184,-0.015833333,3.6624022,0.05741197,-0.015833333
3.1399999999999997,3.7889876,0.9652792,0.031666666,3.7889876,0.9652792,-0.031666666,3.823035,1.5773736,0.05277778,3.823035,1.5773736,-0.05277778,3.80559,0.55478674,0.02111111,3.7333496,0.09043583,0.02111111,3.6421537,0.034271307,0.015833333,3.885811,0.038484376,0.015833333,3.9200659,0.58005524,-0.02111111,3.6307068,0.2040686,-0.02111111,3.524284,0.21788773,-0.015833333,3.7043006,0.0536298,-0.015833333
3.15,3.8009474,0.9662023,0.031666666,3.8009474,0.9662023,-0.031666666,3.8357728,1.578253,0.05277778,3.8357728,1.578253,-0.05277778,3.810289,0.5551765,0.02111111,3.7350876,0.09147516,0.02111111,3.6435385,0.03588344,0.015833333,3.8872182,0.038504872,0.015833333,3.936809,0.5827655,-0.02111111,3.6638098,0.19450909,-0.02111111,3.5567183,0.20189479,-0.015833333,3.7476487,0.050460547,-0.015833333
3.16,3.8128994,0.96694535,0.031666666,3.8128994,0.96694535,-0.031666666,3.8486514,1.5789425,0.05277778,3.8486514,1.5789425,-0.05277778,3.8150778,0.55551696,0.02111111,3.7369463,0.09247962,0.02111111,3.645047,0.03746366,0.015833333,3.8887386,0.038483832,0.015833333,3.953083,0.58517957,-0.02111111,3.6983705,0.18448207,-0.02111111,3.5910177,0.18547799,-0.015833333,3.7914875,0.046919063,-0.015833333
3.17,3.8248403,0.96747625,0.031666666,3.8248403,0.96747625,-0.031666666,3.861725,1.5794063,0.05277778,3.861725,1.5794063,-0.05277778,3.820077,0.5557773,0.02111111,3.738951,0.09342533,0.02111111,3.646701,0.038994994,0.015833333,3.8903942,0.03840999,0.015833333,3.9688609,0.5872405,-0.02111111,3.7341368,0.17435175,-0.02111111,3.626926,0.16864733,-0.015833333,3.8364143,0.04414323,-0.015833333
3.1799999999999997,3.8367684,0.96778595,0.031666666,3.8367684,0.96778595,-0.031666666,3.8750355,1.5796311,0.05277778,3.8750355,1.5796311,-0.05277778,3.8253384,0.555941,0.02111111,3.74112,0.094299585,0.02111111,3.6485205,0.040464777,0.015833333,3.8922045,0.03828333,0.015833333,3.9842367,0.58896375,-0.02111111,3.7711968,0.16437277,-0.02111111,3.6645389,0.1520969,-0.015833333,3.8817043,0.041525953,-0.015833333
3.19,3.8486834,0.96787184,0.031666666,3.8486834,0.96787184,-0.031666666,3.8885796,1.579613,0.05277778,3.8885796,1.579613,-0.05277778,3.8308609,0.5559931,0.02111111,3.7434282,0.095092595,0.02111111,3.6504815,0.041860383,0.015833333,3.8941464,0.038111847,0.015833333,3.9990833,0.59028244,-0.02111111,3.8092868,0.1547682,-0.02111111,3.703634,0.13570397,-0.015833333,3.9277937,0.040105104,-0.015833333
3.1999999999999997,3.8605855,0.9677491,0.031666666,3.8605855,0.9677491,-0.031666666,3.9023535,1.5793653,0.05277778,3.9023535,1.5793653,-0.05277778,3.836648,0.5559369,0.02111111,3.7458606,0.09581268,0.02111111,3.6525679,0.043193318,0.015833333,3.8962042,0.037900217,0.015833333,4.013202,0.5911145,-0.02111111,3.848508,0.14555156,-0.02111111,3.7443259,0.11964384,-0.015833333,3.9744625,0.039495297,-0.015833333
3.21,3.8724754,0.9674278,0.031666666,3.8724754,0.9674278,-0.031666666,3.9163451,1.5788968,0.05277778,3.9163451,1.5788968,-0.05277778,3.8426993,0.55577093,0.02111111,3.7483969,0.096464396,0.02111111,3.6547582,0.04447161,0.015833333,3.8983564,0.03764895,0.015833333,4.0264244,0.591384,-0.02111111,3.8887393,0.13690811,-0.02111111,3.7865365,0.10406198,-0.015833333,4.0216665,0.04002679,-0.015833333
3.2199999999999998,3.8843539,0.96691257,0.031666666,3.8843539,0.96691257,-0.031666666,3.9305391,1.578211,0.05277778,3.9305391,1.578211,-0.05277778,3.84902,0.55548847,0.02111111,3.75102,0.097048104,0.02111111,3.6570337,0.045698155,0.015833333,3.900585,0.0373584,0.015833333,4.0387793,0.59109783,-0.02111111,3.929755,0.12919909,-0.02111111,3.830016,0.08949927,-0.015833333,4.068983,0.041736163,-0.015833333
3.23,3.896225,0.96620953,0.031666666,3.896225,0.96620953,-0.031666666,3.9448535,1.5773184,0.05277778,3.9448535,1.5773184,-0.05277778,3.855551,0.55508494,0.02111111,3.7536695,0.097566605,0.02111111,3.6593347,0.046876315,0.015833333,3.9028296,0.03703022,0.015833333,4.05027,0.59025824,-0.02111111,3.971242,0.12273529,-0.02111111,3.8743978,0.0764155,-0.015833333,4.1160097,0.044629905,-0.015833333
3.2399999999999998,3.908093,0.9653318,0.031666666,3.908093,0.9653318,-0.031666666,3.9592216,1.5762366,0.05277778,3.9592216,1.5762366,-0.05277778,3.8622723,0.55456465,0.02111111,3.756297,0.0980348,0.02111111,3.6616096,0.048027195,0.015833333,3.9050388,0.036669683,0.015833333,4.060775,0.58882767,-0.02111111,4.013036,0.11770129,-0.02111111,3.9194887,0.06503018,-0.015833333,4.16264,0.048775196,-0.015833333
3.25,3.9199653,0.96427983,0.031666666,3.9199653,0.96427983,-0.031666666,3.9735053,1.5749781,0.05277778,3.9735053,1.5749781,-0.05277778,3.86913,0.5539204,0.02111111,3.758812,0.09846142,0.02111111,3.663766,0.04916477,0.015833333,3.907119,0.036282245,0.015833333,4.0703745,0.5868486,-0.02111111,4.054255,0.11438435,-0.02111111,3.964541,0.055416282,-0.015833333,4.208235,0.05546798,-0.015833333
3.26,3.9318516,0.96307445,0.031666666,3.9318516,0.96307445,-0.031666666,3.9875295,1.5735815,0.05277778,3.9875295,1.5735815,-0.05277778,3.8760781,0.5531659,0.02111111,3.7611234,0.0988791,0.02111111,3.6657052,0.05033717,0.015833333,3.9089694,0.035868257,0.015833333,4.079172,0.5843965,-0.02111111,4.094027,0.11285877,-0.02111111,4.0085464,0.04790362,-0.015833333,4.2516866,0.06431699,-0.015833333
3.27,3.9437568,0.9617362,0.031666666,3.9437568,0.9617362,-0.031666666,4.0012136,1.5720783,0.05277778,4.0012136,1.5720783,-0.05277778,3.8831728,0.55231106,0.02111111,3.7632143,0.09932116,0.02111111,3.6674013,0.051599223,0.015833333,3.9105577,0.03542327,0.015833333,4.0875373,0.5816566,-0.02111111,4.131432,0.11301535,-0.02111111,4.0504136,0.04257268,-0.015833333,4.2919517,0.07491561,-0.015833333
3.28,3.9556859,0.960301,0.031666666,3.9556859,0.960301,-0.031666666,4.014477,1.5705161,0.05277778,4.014477,1.5705161,-0.05277778,3.8904722,0.5513785,0.02111111,3.7650785,0.099835545,0.02111111,3.6688352,0.053026564,0.015833333,3.9118567,0.034936316,0.015833333,4.0957737,0.57879245,-0.02111111,4.1657014,0.11445272,-0.02111111,4.0891294,0.03920157,-0.015833333,4.328215,0.08636926,-0.015833333
3.29,3.967642,0.9588089,0.031666666,3.967642,0.9588089,-0.031666666,4.02725,1.5689447,0.05277778,4.02725,1.5689447,-0.05277778,3.8980248,0.55039394,0.02111111,3.7667167,0.10047495,0.02111111,3.6699967,0.054699566,0.015833333,3.9128435,0.034398515,0.015833333,4.1041603,0.5759506,-0.02111111,4.1961765,0.11656651,-0.02111111,4.1238937,0.037190612,-0.015833333,4.3598547,0.09809204,-0.015833333
3.3,3.9796271,0.9573054,0.031666666,3.9796271,0.9573054,-0.031666666,4.039518,1.5674134,0.05277778,4.039518,1.5674134,-0.05277778,3.9058976,0.54938674,0.02111111,3.7681692,0.1012938,0.02111111,3.6709168,0.056699913,0.015833333,3.9135323,0.03380039,0.015833333,4.1129646,0.573269,-0.02111111,4.222571,0.1187219,-0.02111111,4.154101,0.03604258,-0.015833333,4.3867044,0.10872148,-0.015833333
3.31,3.9916382,0.955831,0.031666666,3.9916382,0.955831,-0.031666666,4.051316,1.56596,0.05277778,4.051316,1.56596,-0.05277778,3.914172,0.54837906,0.02111111,3.7695003,0.102339804,0.02111111,3.6716535,0.059099842,0.015833333,3.9139602,0.033134893,0.015833333,4.1224303,0.5708662,-0.02111111,4.244774,0.12033424,-0.02111111,4.1793776,0.03521417,-0.015833333,4.4088707,0.117187805,-0.015833333
3.32,4.003672,0.95442265,0.031666666,4.003672,0.95442265,-0.031666666,4.062717,1.5646132,0.05277778,4.062717,1.5646132,-0.05277778,3.9229445,0.5473865,0.02111111,3.7707982,0.10365561,0.02111111,3.6722922,0.06196513,0.015833333,3.9141858,0.03239613,0.015833333,4.1327567,0.56883824,-0.02111111,4.262939,0.12099898,-0.02111111,4.1994734,0.03443777,-0.015833333,4.426883,0.1220238,-0.015833333
3.33,4.015723,0.95310384,0.031666666,4.015723,0.95310384,-0.031666666,4.073812,1.5633862,0.05277778,4.073812,1.5633862,-0.05277778,3.9323003,0.5464123,0.02111111,3.7721512,0.10527176,0.02111111,3.6729228,0.06534585,0.015833333,3.9142659,0.03157845,0.015833333,4.1441,0.5672556,-0.02111111,4.2772512,0.120480984,-0.02111111,4.2143645,0.033496965,-0.015833333,4.4412103,0.12253468,-0.015833333
3.34,4.0277863,0.9518869,0.031666666,4.0277863,0.9518869,-0.031666666,4.084694,1.5622805,0.05277778,4.084694,1.5622805,-0.05277778,3.9423127,0.54545,0.02111111,3.773643,0.10721117,0.02111111,3.6736336,0.06928265,0.015833333,3.91425,0.030675791,0.015833333,4.1565185,0.56614876,-0.02111111,4.2879896,0.11876625,-0.02111111,4.2242455,0.032396723,-0.015833333,4.4522486,0.11842855,-0.015833333
3.35,4.039857,0.95077395,0.031666666,4.039857,0.95077395,-0.031666666,4.095438,1.5612898,0.05277778,4.095438,1.5612898,-0.05277778,3.9530404,0.5444862,0.02111111,3.7753434,0.109493256,0.02111111,3.6745026,0.07381347,0.015833333,3.9141676,0.029683605,0.015833333,4.1699147,0.56549114,-0.02111111,4.295481,0.11603671,-0.02111111,4.2295446,0.031313233,-0.015833333,4.460198,0.109962516,-0.015833333
3.36,4.0519443,0.9497757,0.031666666,4.0519443,0.9497757,-0.031666666,4.1058784,1.5604392,0.05277778,4.1058784,1.5604392,-0.05277778,3.9643188,0.54354507,0.02111111,3.7771714,0.11215955,0.02111111,3.6754572,0.07900001,0.015833333,3.9138806,0.028591864,0.015833333,4.183422,0.5649832,-0.02111111,4.300022,0.11259559,-0.02111111,4.2310796,0.030293386,-0.015833333,4.4650044,0.09860135,-0.015833333
3.37,4.06406,0.94891477,0.031666666,4.06406,0.94891477,-0.031666666,4.115809,1.5597672,0.05277778,4.115809,1.5597672,-0.05277778,3.9759853,0.5426641,0.02111111,3.7790356,0.11526528,0.02111111,3.6764169,0.08492722,0.015833333,3.9132214,0.02739156,0.015833333,4.1957846,0.5641823,-0.02111111,4.3025036,0.108873636,-0.02111111,4.2305713,0.029182363,-0.015833333,4.4673357,0.0868817,-0.015833333
3.38,4.0761967,0.94821185,0.031666666,4.0761967,0.94821185,-0.031666666,4.125369,1.5592773,0.05277778,4.125369,1.5592773,-0.05277778,3.9882448,0.54183614,0.02111111,3.7811139,0.118845105,0.02111111,3.677574,0.09166948,0.015833333,3.9122748,0.02607885,0.015833333,4.2070165,0.56311584,-0.02111111,4.3039618,0.10521698,-0.02111111,4.229363,0.028037872,-0.015833333,4.468288,0.076013416,-0.015833333
3.3899999999999997,4.0883393,0.94768196,0.031666666,4.0883393,0.94768196,-0.031666666,4.1347966,1.5589597,0.05277778,4.1347966,1.5589597,-0.05277778,4.00145,0.5410317,0.02111111,3.7837,0.12293112,0.02111111,3.6792433,0.09930991,0.015833333,3.9112184,0.02464918,0.015833333,4.21788,0.5620866,-0.02111111,4.3048186,0.1017952,-0.02111111,4.227879,0.02697232,-0.015833333,4.4683604,0.066409044,-0.015833333
3.4,4.100485,0.9473525,0.031666666,4.100485,0.9473525,-0.031666666,4.144171,1.5588346,0.05277778,4.144171,1.5588346,-0.05277778,4.0158386,0.5402542,0.02111111,3.787035,0.12757528,0.02111111,3.6816936,0.107966766,0.015833333,3.9101245,0.023078859,0.015833333,4.228655,0.5612271,-0.02111111,4.305009,0.09866756,-0.02111111,4.2261324,0.025896188,-0.015833333,4.467608,0.058701333,-0.015833333
3.41,4.1126227,0.94723475,0.031666666,4.1126227,0.94723475,-0.031666666,4.153676,1.5588993,0.05277778,4.153676,1.5588993,-0.05277778,4.0317173,0.5394987,0.02111111,3.79146,0.13281214,0.02111111,3.685309,0.11774785,0.015833333,3.9091198,0.021335356,0.015833333,4.2394733,0.56060266,-0.02111111,4.3047056,0.09594029,-0.02111111,4.224251,0.024905864,-0.015833333,4.46633,0.052913617,-0.015833333
3.42,4.12472,0.94727653,0.031666666,4.12472,0.94727653,-0.031666666,4.163918,1.5590627,0.05277778,4.163918,1.5590627,-0.05277778,4.049676,0.53870195,0.02111111,3.7976224,0.1386027,0.02111111,3.690803,0.1286789,0.015833333,3.9086077,0.019372381,0.015833333,4.251572,0.5606165,-0.02111111,4.3042936,0.093871236,-0.02111111,4.2226033,0.024230227,-0.015833333,4.4649696,0.049631193,-0.015833333
3.4299999999999997,4.1367908,0.94750917,0.031666666,4.1367908,0.94750917,-0.031666666,4.1746297,1.559381,0.05277778,4.1746297,1.559381,-0.05277778,4.0695357,0.5379902,0.02111111,3.8057034,0.14493504,0.02111111,3.6984472,0.14080852,0.015833333,3.9084182,0.01711981,0.015833333,4.2639666,0.5609423,-0.02111111,4.30378,0.09241858,-0.02111111,4.2211127,0.023917127,-0.015833333,4.4636016,0.04812325,-0.015833333
3.44,4.148858,0.9479589,0.031666666,4.148858,0.9479589,-0.031666666,4.1853986,1.5599096,0.05277778,4.1853986,1.5599096,-0.05277778,4.0908794,0.537512,0.02111111,3.815789,0.15167207,0.02111111,3.7084517,0.15401743,0.015833333,3.9082487,0.0144898,0.015833333,4.2752934,0.5611106,-0.02111111,4.3032303,0.091331005,-0.02111111,4.2196813,0.023907393,-0.015833333,4.462284,0.04693733,-0.015833333
3.45,4.160925,0.9485959,0.031666666,4.160925,0.9485959,-0.031666666,4.196183,1.5606217,0.05277778,4.196183,1.5606217,-0.05277778,4.113352,0.5373509,0.02111111,3.8281488,0.15842766,0.02111111,3.7212443,0.16786598,0.015833333,3.9080012,0.011313587,0.015833333,4.2853484,0.5610246,-0.02111111,4.3026714,0.09044397,-0.02111111,4.218316,0.02404549,-0.015833333,4.461039,0.04577457,-0.015833333
3.46,4.1729856,0.9493768,0.031666666,4.1729856,0.9493768,-0.031666666,4.2070756,1.5614688,0.05277778,4.2070756,1.5614688,-0.05277778,4.1364284,0.5375644,0.02111111,3.8430095,0.16458338,0.02111111,3.7372243,0.18158595,0.015833333,3.9076247,0.007372126,0.015833333,4.2943406,0.56073505,-0.02111111,4.302163,0.08969593,-0.02111111,4.217082,0.02425282,-0.015833333,4.459919,0.04466873,-0.015833333
3.4699999999999998,4.185034,0.9502298,0.031666666,4.185034,0.9502298,-0.031666666,4.218193,1.5623729,0.05277778,4.218193,1.5623729,-0.05277778,4.159747,0.53813255,0.02111111,3.8601792,0.16979831,0.02111111,3.756318,0.1944994,0.015833333,3.9072552,0.0031757504,0.015833333,4.3026166,0.56031334,-0.02111111,4.3018208,0.08906448,-0.02111111,4.2160773,0.024520203,-0.015833333,4.4590216,0.04361885,-0.015833333
3.48,4.1970716,0.9509565,0.031666666,4.1970716,0.9509565,-0.031666666,4.2295084,1.5631385,0.05277778,4.2295084,1.5631385,-0.05277778,4.18365,0.53888,0.02111111,3.877317,0.1759358,0.02111111,3.775487,0.20669988,0.015833333,3.9101572,0.0035974234,0.015833333,4.3105826,0.5597105,-0.02111111,4.3016396,0.08842859,-0.02111111,4.2153215,0.02469096,-0.015833333,4.4583445,0.042767234,-0.015833333
3.4899999999999998,4.209105,0.9515992,0.031666666,4.209105,0.9515992,-0.031666666,4.2408895,1.5638154,0.05277778,4.2408895,1.5638154,-0.05277778,4.207936,0.5398822,0.02111111,3.8940656,0.18329611,0.02111111,3.7939103,0.21843873,0.015833333,3.9170675,0.00815548,0.015833333,4.3181667,0.55895066,-0.02111111,4.301541,0.08778933,-0.02111111,4.214729,0.024770427,-0.015833333,4.4578066,0.042092122,-0.015833333
3.5,4.221137,0.9522105,0.031666666,4.221137,0.9522105,-0.031666666,4.2523026,1.5644584,0.05277778,4.2523026,1.5644584,-0.05277778,4.232449,0.54121196,0.02111111,3.9106326,0.19174358,0.02111111,3.8116353,0.2298788,0.015833333,3.927846,0.015678331,0.015833333,4.3252516,0.55806404,-0.02111111,4.301486,0.08715561,-0.02111111,4.2142634,0.024758644,-0.015833333,4.457375,0.04159739,-0.015833333
3.51,4.2331557,0.9528421,0.031666666,4.2331557,0.9528421,-0.031666666,4.2639546,1.5651085,0.05277778,4.2639546,1.5651085,-0.05277778,4.257286,0.5429596,0.02111111,3.9280522,0.20054829,0.02111111,3.829841,0.24079122,0.015833333,3.9419682,0.024425343,0.015833333,4.3319025,0.55714583,-0.02111111,4.301635,0.08659172,-0.02111111,4.2140584,0.024748363,-0.015833333,4.4571958,0.04120806,-0.015833333
3.52,4.2451644,0.95353234,0.031666666,4.2451644,0.95353234,-0.031666666,4.2757964,1.5658071,0.05277778,4.2757964,1.5658071,-0.05277778,4.2822685,0.5451691,0.02111111,3.946539,0.20931399,0.02111111,3.8488781,0.25110185,0.015833333,3.9585874,0.033499926,0.015833333,4.3380747,0.55623776,-0.02111111,4.3019557,0.08611384,-0.02111111,4.2140737,0.024761874,-0.015833333,4.457232,0.040907882,-0.015833333
3.53,4.2571654,0.9543111,0.031666666,4.2571654,0.9543111,-0.031666666,4.2877827,1.5665866,0.05277778,4.2877827,1.5665866,-0.05277778,4.3071427,0.54784465,0.02111111,3.9661686,0.21759373,0.02111111,3.8688428,0.260418,0.015833333,3.977479,0.042278305,0.015833333,4.343738,0.5553807,-0.02111111,4.3024163,0.08574015,-0.02111111,4.214266,0.024827726,-0.015833333,4.457444,0.040672608,-0.015833333
3.54,4.2691593,0.9551965,0.031666666,4.2691593,0.9551965,-0.031666666,4.2998996,1.5674659,0.05277778,4.2998996,1.5674659,-0.05277778,4.331688,0.5509568,0.02111111,3.9870205,0.22489586,0.02111111,3.8897839,0.26819637,0.015833333,3.9987323,0.050212532,0.015833333,4.3489137,0.5546199,-0.02111111,4.303019,0.08549523,-0.02111111,4.2146206,0.024990045,-0.015833333,4.457823,0.0404604,-0.015833333
3.55,4.2811475,0.95620066,0.031666666,4.2811475,0.95620066,-0.031666666,4.3121142,1.5684587,0.05277778,4.3121142,1.5684587,-0.05277778,4.355596,0.55442464,0.02111111,4.009086,0.23065868,0.02111111,3.9115818,0.27366176,0.015833333,4.022831,0.056842968,0.015833333,4.3536243,0.55399454,-0.02111111,4.3037524,0.08540282,-0.02111111,4.215108,0.025294911,-0.015833333,4.458344,0.040225606,-0.015833333
3.56,4.2931323,0.95732975,0.031666666,4.2931323,0.95732975,-0.031666666,4.324384,1.5695733,0.05277778,4.324384,1.5695733,-0.05277778,4.3785105,0.55811596,0.02111111,4.0323625,0.23424202,0.02111111,3.9341366,0.275935,0.015833333,4.050273,0.06169437,0.015833333,4.3579464,0.55354744,-0.02111111,4.304625,0.085495025,-0.02111111,4.215709,0.025811143,-0.015833333,4.458996,0.03989537,-0.015833333
3.57,4.3051147,0.9585663,0.031666666,4.3051147,0.9585663,-0.031666666,4.3367057,1.5707924,0.05277778,4.3367057,1.5707924,-0.05277778,4.4003167,0.5619074,0.02111111,4.056941,0.23527345,0.02111111,3.9576066,0.27464274,0.015833333,4.080937,0.06446111,0.015833333,4.3620925,0.55331874,-0.02111111,4.3056993,0.085807145,-0.02111111,4.2164526,0.026622254,-0.015833333,4.4598117,0.039394513,-0.015833333
3.58,4.317096,0.959882,0.031666666,4.317096,0.959882,-0.031666666,4.3490534,1.5720892,0.05277778,4.3490534,1.5720892,-0.05277778,4.420937,0.5656704,0.02111111,4.08291,0.23355359,0.02111111,3.9822056,0.26965553,0.015833333,4.114499,0.06499688,0.015833333,4.366252,0.55331814,-0.02111111,4.306944,0.08635542,-0.02111111,4.2173195,0.027736068,-0.015833333,4.4607596,0.038854055,-0.015833333
3.59,4.3290753,0.9612192,0.031666666,4.3290753,0.9612192,-0.031666666,4.361431,1.5734054,0.05277778,4.361431,1.5734054,-0.05277778,4.4405684,0.56933475,0.02111111,4.110219,0.22952059,0.02111111,4.0080156,0.2615104,0.015833333,4.150611,0.06389135,0.015833333,4.370517,0.55349886,-0.02111111,4.308269,0.087105125,-0.02111111,4.2182693,0.029055737,-0.015833333,4.4617796,0.038523808,-0.015833333
3.5999999999999996,4.3410535,0.96253526,0.031666666,4.3410535,0.96253526,-0.031666666,4.373833,1.5746989,0.05277778,4.373833,1.5746989,-0.05277778,4.4592505,0.5728147,0.02111111,4.1388245,0.22347775,0.02111111,4.035095,0.2504966,0.015833333,4.189184,0.061702028,0.015833333,4.3748546,0.5538074,-0.02111111,4.3096333,0.088005215,-0.02111111,4.2192755,0.030510616,-0.015833333,4.462841,0.038422763,-0.015833333
3.61,4.353028,0.9637819,0.031666666,4.353028,0.9637819,-0.031666666,4.3863015,1.5759189,0.05277778,4.3863015,1.5759189,-0.05277778,4.4771843,0.5760857,0.02111111,4.1688323,0.21583739,0.02111111,4.063747,0.23733534,0.015833333,4.2294545,0.05865185,0.015833333,4.3792915,0.5541949,-0.02111111,4.3110847,0.08900362,-0.02111111,4.2203736,0.03206508,-0.015833333,4.4639845,0.038433846,-0.015833333
3.62,4.3649964,0.96491367,0.031666666,4.3649964,0.96491367,-0.031666666,4.3988748,1.5770175,0.05277778,4.3988748,1.5770175,-0.05277778,4.4945254,0.5791254,0.02111111,4.200259,0.2070466,0.02111111,4.0940914,0.22265413,0.015833333,4.2710257,0.055080056,0.015833333,4.3838534,0.55461365,-0.02111111,4.3126593,0.090051025,-0.02111111,4.2215924,0.03367888,-0.015833333,4.4652395,0.038474396,-0.015833333
3.63,4.3769593,0.9658975,0.031666666,4.3769593,0.9658975,-0.031666666,4.4115524,1.5779613,0.05277778,4.4115524,1.5779613,-0.05277778,4.511276,0.58187675,0.02111111,4.2330146,0.19744247,0.02111111,4.1260777,0.206739,0.015833333,4.313956,0.051534474,0.015833333,4.3884935,0.55502003,-0.02111111,4.314342,0.09110126,-0.02111111,4.2229204,0.03530179,-0.015833333,4.4665933,0.038499527,-0.015833333
3.6399999999999997,4.3889136,0.9667001,0.031666666,4.3889136,0.9667001,-0.031666666,4.4243913,1.5787132,0.05277778,4.4243913,1.5787132,-0.05277778,4.527566,0.5843371,0.02111111,4.2671165,0.18740115,0.02111111,4.1597958,0.19017494,0.015833333,4.357828,0.04815407,0.015833333,4.3933015,0.5553836,-0.02111111,4.3161697,0.092126936,-0.02111111,4.2243915,0.036911145,-0.015833333,4.4680805,0.0384871,-0.015833333
3.65,4.400857,0.96730393,0.031666666,4.400857,0.96730393,-0.031666666,4.437423,1.5792531,0.05277778,4.437423,1.5792531,-0.05277778,4.543421,0.58648396,0.02111111,4.3026114,0.17715538,0.02111111,4.1953144,0.17342289,0.015833333,4.40227,0.04475239,0.015833333,4.398316,0.5556809,-0.02111111,4.3181505,0.093106866,-0.02111111,4.226014,0.038485873,-0.015833333,4.469708,0.03842656,-0.015833333
3.66,4.41279,0.9676917,0.031666666,4.41279,0.9676917,-0.031666666,4.4506536,1.579562,0.05277778,4.4506536,1.579562,-0.05277778,4.558869,0.58829814,0.02111111,4.339332,0.1670526,0.02111111,4.2324557,0.15684357,0.015833333,4.4472275,0.04169204,0.015833333,4.403518,0.55588436,-0.02111111,4.320268,0.09401497,-0.02111111,4.2277784,0.03999211,-0.015833333,4.4714665,0.03831706,-0.015833333
3.67,4.42471,0.96785605,0.031666666,4.42471,0.96785605,-0.031666666,4.464096,1.5796301,0.05277778,4.464096,1.5796301,-0.05277778,4.5738316,0.58972883,0.02111111,4.3770895,0.15730986,0.02111111,4.2710567,0.14047375,0.015833333,4.4929085,0.039634034,0.015833333,4.4089336,0.5559783,-0.02111111,4.3225136,0.09484032,-0.02111111,4.2296753,0.04141842,-0.015833333,4.4733477,0.038162094,-0.015833333
3.6799999999999997,4.4366183,0.9677951,0.031666666,4.4366183,0.9677951,-0.031666666,4.477761,1.5794536,0.05277778,4.477761,1.5794536,-0.05277778,4.588233,0.5907301,0.02111111,4.4157114,0.14811441,0.02111111,4.311014,0.12436465,0.015833333,4.5393453,0.039207444,0.015833333,4.4145913,0.55595136,-0.02111111,4.3248763,0.095577925,-0.02111111,4.2316947,0.042760648,-0.015833333,4.4753413,0.037967935,-0.015833333
3.69,4.448513,0.9675275,0.031666666,4.448513,0.9675275,-0.031666666,4.4916615,1.5790478,0.05277778,4.4916615,1.5790478,-0.05277778,4.6019487,0.5912565,0.02111111,4.455356,0.1395109,0.02111111,4.35244,0.10896725,0.015833333,4.586009,0.03945277,0.015833333,4.420525,0.555812,-0.02111111,4.327362,0.09624168,-0.02111111,4.2338386,0.0440399,-0.015833333,4.477451,0.037735082,-0.015833333
3.7,4.460397,0.9670677,0.031666666,4.460397,0.9670677,-0.031666666,4.505767,1.5784272,0.05277778,4.505767,1.5784272,-0.05277778,4.6147137,0.5911976,0.02111111,4.4958696,0.13161293,0.02111111,4.395274,0.09413783,0.015833333,4.6331367,0.04114744,0.015833333,4.42672,0.55556226,-0.02111111,4.329938,0.09684062,-0.02111111,4.23607,0.045270827,-0.015833333,4.479639,0.037460983,-0.015833333
3.71,4.472269,0.96642965,0.031666666,4.472269,0.96642965,-0.031666666,4.520065,1.5776043,0.05277778,4.520065,1.5776043,-0.05277778,4.6264405,0.59052336,0.02111111,4.537332,0.124652416,0.02111111,4.439517,0.08042406,0.015833333,4.6804237,0.04367359,0.015833333,4.4331913,0.55520487,-0.02111111,4.3325915,0.09738544,-0.02111111,4.2383757,0.04647026,-0.015833333,4.481891,0.03714729,-0.015833333
3.7199999999999998,4.4841366,0.96561587,0.031666666,4.4841366,0.96561587,-0.031666666,4.534441,1.5765891,0.05277778,4.534441,1.5765891,-0.05277778,4.637139,0.58923864,0.02111111,4.5792956,0.11903149,0.02111111,4.4846687,0.068330124,0.015833333,4.7274513,0.047271192,0.015833333,4.4398527,0.5547327,-0.02111111,4.335241,0.097877204,-0.02111111,4.240672,0.04763803,-0.015833333,4.484125,0.036797184,-0.015833333
3.73,4.4960046,0.9646256,0.031666666,4.4960046,0.9646256,-0.031666666,4.5487995,1.5753887,0.05277778,4.5487995,1.5753887,-0.05277778,4.646907,0.587392,0.02111111,4.6210957,0.11510125,0.02111111,4.530109,0.058116306,0.015833333,4.773745,0.05281146,0.015833333,4.446677,0.5541366,-0.02111111,4.3378186,0.09832099,-0.02111111,4.242893,0.048782744,-0.015833333,4.4862733,0.036419474,-0.015833333
3.7399999999999998,4.5078816,0.9634616,0.031666666,4.5078816,0.9634616,-0.031666666,4.5629973,1.5740196,0.05277778,4.5629973,1.5740196,-0.05277778,4.655971,0.58509094,0.02111111,4.6616726,0.113056004,0.02111111,4.574772,0.05001156,0.015833333,4.818226,0.060825385,0.015833333,4.453648,0.55341,-0.02111111,4.3402433,0.0987311,-0.02111111,4.2449527,0.049930457,-0.015833333,4.488249,0.036015105,-0.015833333
3.75,4.519777,0.96215355,0.031666666,4.519777,0.96215355,-0.031666666,4.5768576,1.572531,0.05277778,4.5768576,1.572531,-0.05277778,4.664495,0.58244264,0.02111111,4.700023,0.112769336,0.02111111,4.617567,0.04401332,0.015833333,4.859746,0.07114496,0.015833333,4.460727,0.5525754,-0.02111111,4.3424344,0.09915078,-0.02111111,4.2467585,0.051144272,-0.015833333,4.489955,0.035581473,-0.015833333
3.76,4.5316973,0.9607368,0.031666666,4.5316973,0.9607368,-0.031666666,4.5902696,1.5709729,0.05277778,4.5902696,1.5709729,-0.05277778,4.672708,0.57958305,0.02111111,4.7353187,0.113875836,0.02111111,4.657522,0.03989127,0.015833333,4.897338,0.08319636,0.015833333,4.4679456,0.5516578,-0.02111111,4.344363,0.099629134,-0.02111111,4.2482705,0.052500013,-0.015833333,4.491343,0.03510925,-0.015833333
3.77,4.543645,0.959255,0.031666666,4.543645,0.959255,-0.031666666,4.6032,1.569396,0.05277778,4.6032,1.569396,-0.05277778,4.6809664,0.5766989,0.02111111,4.767069,0.11587733,0.02111111,4.693698,0.03750608,0.015833333,4.9304767,0.095147215,0.015833333,4.475399,0.5506848,-0.02111111,4.346061,0.10022038,-0.02111111,4.249509,0.05408235,-0.015833333,4.4924216,0.034588203,-0.015833333
3.78,4.555621,0.9577502,0.031666666,4.555621,0.9577502,-0.031666666,4.615617,1.567848,0.05277778,4.615617,1.567848,-0.05277778,4.6895742,0.5739416,0.02111111,4.7947965,0.118124306,0.02111111,4.725404,0.036216456,0.015833333,4.9588428,0.10616669,0.015833333,4.48315,0.549683,-0.02111111,4.3475566,0.10097724,-0.02111111,4.2504897,0.05597097,-0.015833333,4.4931917,0.034009144,-0.015833333
3.79,4.567625,0.9562644,0.031666666,4.567625,0.9562644,-0.031666666,4.627549,1.5663693,0.05277778,4.627549,1.5663693,-0.05277778,4.6988106,0.5714447,0.02111111,4.818322,0.119992584,0.02111111,4.752192,0.035437554,0.015833333,4.982472,0.1151731,0.015833333,4.491278,0.5486765,-0.02111111,4.348912,0.1019482,-0.02111111,4.25127,0.058239173,-0.015833333,4.4936905,0.033364072,-0.015833333
3.8,4.5796523,0.954834,0.031666666,4.5796523,0.954834,-0.031666666,4.6390643,1.5649889,0.05277778,4.6390643,1.5649889,-0.05277778,4.708916,0.56931806,0.02111111,4.8376775,0.1209864,0.02111111,4.773809,0.034719087,0.015833333,5.001687,0.12108119,0.015833333,4.4998837,0.5476804,-0.02111111,4.3502097,0.103176236,-0.02111111,4.2519283,0.060953353,-0.015833333,4.493973,0.032647856,-0.015833333
3.81,4.591698,0.9534863,0.031666666,4.591698,0.9534863,-0.031666666,4.6502557,1.5637238,0.05277778,4.6502557,1.5637238,-0.05277778,4.720071,0.5676428,0.02111111,4.853062,0.120813936,0.02111111,4.7901754,0.033830687,0.015833333,5.017002,0.12291758,0.015833333,4.5090637,0.5466999,-0.02111111,4.3515444,0.10469484,-0.02111111,4.252559,0.064167924,-0.015833333,4.494101,0.031854257,-0.015833333
3.82,4.6037564,0.95223695,0.031666666,4.6037564,0.95223695,-0.031666666,4.6612263,1.5625778,0.05277778,4.6612263,1.5625778,-0.05277778,4.7323694,0.56646407,0.02111111,4.8647714,0.11941281,0.02111111,4.801426,0.032755077,0.015833333,5.028912,0.12014429,0.015833333,4.5189037,0.5457302,-0.02111111,4.353007,0.10652876,-0.02111111,4.2532578,0.067925975,-0.015833333,4.4941344,0.030977935,-0.015833333
3.83,4.615822,0.95108944,0.031666666,4.615822,0.95108944,-0.031666666,4.6720614,1.5615449,0.05277778,4.6720614,1.5615449,-0.05277778,4.745769,0.5657757,0.02111111,4.873127,0.11692473,0.02111111,4.8079224,0.031641543,0.015833333,5.037687,0.112850875,0.015833333,4.529471,0.5447576,-0.02111111,4.3546743,0.108697236,-0.02111111,4.2541075,0.07226495,-0.015833333,4.4941106,0.030013427,-0.015833333
3.84,4.627904,0.95005894,0.031666666,4.627904,0.95005894,-0.031666666,4.682595,1.5606551,0.05277778,4.682595,1.5606551,-0.05277778,4.759365,0.5652705,0.02111111,4.8784494,0.11365494,0.02111111,4.810383,0.030626852,0.015833333,5.043372,0.102059126,0.015833333,4.5406094,0.54380816,-0.02111111,4.3564663,0.11124691,-0.02111111,4.2550344,0.07725419,-0.015833333,4.493893,0.028949328,-0.015833333
